project,language,filename,blank,comment,code
redis,Bourne Shell,.\clones\redis\deps\jemalloc\configure,2205,926,10981
redis,C,.\clones\redis\src\redis-cli.c,607,727,7335
redis,HTML,.\clones\redis\deps\lua\doc\manual.html,2892,5,5907
redis,C,.\clones\redis\src\module.c,934,4555,5649
redis,C,.\clones\redis\src\server.c,736,1271,4787
redis,C,.\clones\redis\src\cluster.c,710,1831,4298
redis,C,.\clones\redis\src\commands.c,1569,1588,3914
redis,C,.\clones\redis\src\sentinel.c,618,1071,3645
redis,C,.\clones\redis\src\t_zset.c,551,747,3044
redis,C,.\clones\redis\deps\jemalloc\src\jemalloc.c,476,522,2933
redis,C,.\clones\redis\src\networking.c,439,1005,2749
redis,C,.\clones\redis\deps\jemalloc\src\ctl.c,380,310,2745
redis,C,.\clones\redis\src\rdb.c,340,577,2589
redis,C/C++ Header,.\clones\redis\src\server.h,248,665,2520
redis,C,.\clones\redis\src\quicklist.c,359,407,2473
redis,C,.\clones\redis\src\replication.c,423,1138,2464
redis,C,.\clones\redis\deps\jemalloc\src\prof.c,460,266,2434
redis,C,.\clones\redis\src\t_stream.c,360,995,2350
redis,C,.\clones\redis\src\config.c,374,380,2230
redis,m4,.\clones\redis\deps\jemalloc\configure.ac,170,149,2087
redis,C,.\clones\redis\src\acl.c,269,717,1951
redis,Tcl/Tk,.\clones\redis\tests\unit\type\zset.tcl,341,112,1949
redis,C/C++ Header,.\clones\redis\src\help.h,4,1,1844
redis,C,.\clones\redis\deps\jemalloc\src\extent.c,293,305,1805
redis,C,.\clones\redis\src\ziplist.c,291,586,1789
redis,C,.\clones\redis\deps\jemalloc\src\arena.c,301,236,1761
redis,C,.\clones\redis\src\redis-benchmark.c,129,140,1747
redis,C,.\clones\redis\src\debug.c,154,198,1743
redis,C,.\clones\redis\src\aof.c,309,507,1725
redis,C,.\clones\redis\src\listpack.c,262,433,1722
redis,Bourne Shell,.\clones\redis\deps\jemalloc\build-aux\config.sub,36,100,1689
redis,Tcl/Tk,.\clones\redis\tests\unit\type\list.tcl,247,74,1630
redis,C,.\clones\redis\deps\jemalloc\test\unit\SFMT.c,15,35,1549
redis,C,.\clones\redis\src\db.c,258,639,1369
redis,Bourne Shell,.\clones\redis\deps\jemalloc\build-aux\config.guess,42,185,1235
redis,C,.\clones\redis\src\object.c,173,271,1210
redis,C,.\clones\redis\src\eval.c,154,307,1188
redis,C,.\clones\redis\deps\jemalloc\src\stats.c,211,67,1179
redis,Tcl/Tk,.\clones\redis\tests\unit\scripting.tcl,170,57,1149
redis,C/C++ Header,.\clones\redis\src\redismodule.h,97,151,1105
redis,C,.\clones\redis\deps\hiredis\test.c,198,150,1077
redis,C,.\clones\redis\deps\lua\src\lparser.c,182,85,1072
redis,C,.\clones\redis\src\rax.c,157,712,1058
redis,C,.\clones\redis\src\sds.c,151,396,1035
redis,C,.\clones\redis\src\script_lua.c,168,279,984
redis,Tcl/Tk,.\clones\redis\tests\unit\functions.tcl,149,12,974
redis,C,.\clones\redis\deps\jemalloc\test\unit\stats_print.c,38,4,957
redis,C,.\clones\redis\deps\lua\src\lua_cjson.c,234,254,939
redis,C,.\clones\redis\src\defrag.c,100,196,925
redis,Tcl/Tk,.\clones\redis\tests\integration\replication.tcl,157,174,904
redis,C,.\clones\redis\src\bitops.c,118,273,872
redis,Tcl/Tk,.\clones\redis\tests\integration\aof-multi-part.tcl,250,50,870
redis,C,.\clones\redis\deps\hdr_histogram\hdr_histogram.c,218,81,862
redis,C,.\clones\redis\src\hyperloglog.c,130,617,855
redis,C,.\clones\redis\deps\lua\src\lapi.c,196,38,853
redis,C,.\clones\redis\deps\hiredis\sds.c,114,323,852
redis,Tcl/Tk,.\clones\redis\tests\support\util.tcl,97,91,843
redis,C,.\clones\redis\deps\hiredis\hiredis.c,181,155,838
redis,C,.\clones\redis\src\t_hash.c,148,181,829
redis,C,.\clones\redis\src\t_set.c,139,270,828
redis,C/C++ Header,.\clones\redis\src\crc16_slottable.h,5,6,824
redis,C,.\clones\redis\deps\linenoise\linenoise.c,122,294,811
redis,C/C++ Header,.\clones\redis\deps\jemalloc\include\jemalloc\internal\rb.h,19,177,810
redis,C,.\clones\redis\src\t_list.c,153,251,804
redis,C,.\clones\redis\src\dict.c,154,381,789
redis,C,.\clones\redis\src\functions.c,112,157,781
redis,Tcl/Tk,.\clones\redis\tests\unit\type\set.tcl,136,58,777
redis,C,.\clones\redis\deps\jemalloc\src\background_thread.c,100,86,753
redis,C,.\clones\redis\src\util.c,123,196,747
redis,Tcl/Tk,.\clones\redis\tests\unit\acl.tcl,118,42,746
redis,C,.\clones\redis\src\tls.c,171,130,741
redis,C,.\clones\redis\deps\lua\src\lstrlib.c,107,26,738
redis,C,.\clones\redis\deps\jemalloc\test\unit\mallctl.c,129,22,737
redis,C,.\clones\redis\deps\lua\src\lua_cmsgpack.c,110,141,727
redis,Tcl/Tk,.\clones\redis\tests\test_helper.tcl,59,87,726
redis,Tcl/Tk,.\clones\redis\tests\unit\type\stream.tcl,80,30,703
redis,Tcl/Tk,.\clones\redis\tests\unit\multi.tcl,91,43,692
redis,C,.\clones\redis\deps\lua\src\lcode.c,121,19,691
redis,C,.\clones\redis\deps\lua\src\lvm.c,56,22,689
redis,C,.\clones\redis\tests\modules\basics.c,195,81,685
redis,Tcl/Tk,.\clones\redis\tests\integration\corrupt-dump.tcl,83,20,684
redis,C,.\clones\redis\src\t_string.c,112,171,660
redis,C,.\clones\redis\src\geo.c,108,230,659
redis,Tcl/Tk,.\clones\redis\tests\unit\type\hash.tcl,93,48,656
redis,C,.\clones\redis\deps\jemalloc\src\tcache.c,97,87,614
redis,Tcl/Tk,.\clones\redis\tests\unit\expire.tcl,86,55,607
redis,C,.\clones\redis\deps\hiredis\async.c,138,158,591
redis,YAML,.\clones\redis\.github\workflows\daily.yml,19,1,585
redis,C,.\clones\redis\deps\lua\src\lgc.c,86,43,581
redis,Tcl/Tk,.\clones\redis\tests\unit\type\stream-cgroups.tcl,99,73,576
redis,C,.\clones\redis\deps\jemalloc\src\malloc_io.c,51,51,573
redis,Tcl/Tk,.\clones\redis\tests\instances.tcl,59,70,573
redis,Tcl/Tk,.\clones\redis\tests\unit\tracking.tcl,64,60,566
redis,Tcl/Tk,.\clones\redis\tests\unit\geo.tcl,92,38,563
redis,C,.\clones\redis\deps\hiredis\read.c,97,88,554
redis,Tcl/Tk,.\clones\redis\tests\support\server.tcl,99,90,549
redis,C,.\clones\redis\src\latency.c,97,125,538
redis,C,.\clones\redis\tests\modules\datatype2.c,116,89,534
redis,C,.\clones\redis\deps\lua\src\ldebug.c,83,23,532
redis,C,.\clones\redis\src\zmalloc.c,83,139,529
redis,C,.\clones\redis\deps\lua\src\lbaselib.c,102,28,523
redis,Markdown,.\clones\redis\deps\hiredis\README.md,142,0,516
redis,C,.\clones\redis\deps\jemalloc\src\pages.c,81,67,501
redis,C,.\clones\redis\src\anet.c,83,98,501
redis,Tcl/Tk,.\clones\redis\tests\unit\moduleapi\propagate.tcl,84,26,500
redis,Tcl/Tk,.\clones\redis\tests\unit\type\string.tcl,92,18,491
redis,Tcl/Tk,.\clones\redis\tests\unit\bitops.tcl,56,39,488
redis,C,.\clones\redis\deps\lua\src\lauxlib.c,131,36,485
redis,C,.\clones\redis\deps\jemalloc\test\unit\decay.c,76,45,484
redis,C,.\clones\redis\src\pubsub.c,76,174,473
redis,C,.\clones\redis\deps\jemalloc\test\unit\hook.c,71,38,471
redis,HTML,.\clones\redis\deps\lua\doc\contents.html,25,3,469
redis,C,.\clones\redis\deps\hiredis\net.c,80,68,464
redis,C,.\clones\redis\deps\lua\src\loadlib.c,135,70,461
redis,C,.\clones\redis\deps\jemalloc\test\src\SFMT.c,60,218,441
redis,m4,.\clones\redis\deps\jemalloc\m4\ax_cxx_compile_stdcxx.m4,116,6,440
redis,Tcl/Tk,.\clones\redis\tests\unit\keyspace.tcl,52,0,440
redis,C,.\clones\redis\src\blocked.c,82,303,433
redis,Tcl/Tk,.\clones\redis\tests\unit\maxmemory.tcl,72,75,426
redis,C,.\clones\redis\deps\lua\src\ldo.c,67,27,425
redis,C/C++ Header,.\clones\redis\deps\jemalloc\include\jemalloc\internal\extent_inlines.h,83,2,416
redis,C,.\clones\redis\deps\lua\src\liolib.c,106,36,414
redis,C,.\clones\redis\deps\lua\src\ltable.c,87,91,410
redis,C,.\clones\redis\src\intset.c,66,74,407
redis,C,.\clones\redis\src\sort.c,52,141,407
redis,Tcl/Tk,.\clones\redis\tests\integration\aof.tcl,66,46,406
redis,C,.\clones\redis\deps\jemalloc\src\base.c,49,60,405
redis,C,.\clones\redis\deps\jemalloc\test\unit\emitter.c,50,15,404
redis,Tcl/Tk,.\clones\redis\tests\unit\memefficiency.tcl,39,53,404
redis,C/C++ Header,.\clones\redis\deps\jemalloc\include\jemalloc\internal\rtree.h,53,80,395
redis,C,.\clones\redis\deps\jemalloc\src\tsd.c,55,93,386
redis,C,.\clones\redis\src\expire.c,87,278,386
redis,C,.\clones\redis\deps\lua\src\llex.c,61,17,385
redis,C,.\clones\redis\src\script.c,80,100,385
redis,C,.\clones\redis\tests\modules\blockonkeys.c,86,36,382
redis,C,.\clones\redis\deps\jemalloc\test\unit\bitmap.c,32,18,381
redis,C,.\clones\redis\src\tracking.c,53,204,379
redis,C/C++ Header,.\clones\redis\deps\jemalloc\include\jemalloc\internal\emitter.h,51,58,377
redis,Tcl/Tk,.\clones\redis\tests\integration\redis-cli.tcl,90,17,373
redis,Tcl/Tk,.\clones\redis\tests\unit\client-eviction.tcl,68,62,373
redis,C,.\clones\redis\deps\jemalloc\src\ckh.c,77,121,372
redis,C,.\clones\redis\src\modules\helloworld.c,93,156,372
redis,Markdown,.\clones\redis\README.md,138,0,365
redis,C,.\clones\redis\src\evict.c,83,326,360
redis,Tcl/Tk,.\clones\redis\tests\unit\acl-v2.tcl,72,28,356
redis,Tcl/Tk,.\clones\redis\tests\unit\introspection.tcl,77,65,355
redis,C,.\clones\redis\deps\hiredis\ssl.c,81,93,352
redis,XML,.\clones\redis\deps\jemalloc\msvc\projects\vc2015\jemalloc\jemalloc.vcxproj,0,0,350
redis,XML,.\clones\redis\deps\jemalloc\msvc\projects\vc2017\jemalloc\jemalloc.vcxproj,0,0,350
redis,make,.\clones\redis\src\Makefile,70,61,347
redis,C,.\clones\redis\src\function_lua.c,69,97,345
redis,C,.\clones\redis\deps\jemalloc\test\unit\math.c,35,11,344
redis,Tcl/Tk,.\clones\redis\tests\unit\dump.tcl,44,2,336
redis,C/C++ Header,.\clones\redis\deps\jemalloc\include\jemalloc\internal\arena_inlines_b.h,60,36,331
redis,C,.\clones\redis\deps\lua\src\ldblib.c,61,6,331
redis,C,.\clones\redis\src\ae.c,63,119,330
redis,C/C++ Header,.\clones\redis\deps\jemalloc\include\jemalloc\internal\ph.h,14,48,329
redis,Python,.\clones\redis\utils\generate-command-code.py,69,28,329
redis,XML,.\clones\redis\deps\jemalloc\msvc\projects\vc2015\test_threads\test_threads.vcxproj,0,0,327
redis,XML,.\clones\redis\deps\jemalloc\msvc\projects\vc2017\test_threads\test_threads.vcxproj,0,0,326
redis,C,.\clones\redis\deps\lua\src\lua.c,61,8,323
redis,C,.\clones\redis\deps\jemalloc\test\unit\stats.c,54,1,319
redis,Tcl/Tk,.\clones\redis\tests\unit\other.tcl,49,18,319
redis,C,.\clones\redis\src\zipmap.c,65,159,318
redis,Tcl/Tk,.\clones\redis\tests\unit\pubsub.tcl,51,26,316
redis,C,.\clones\redis\tests\modules\misc.c,43,2,311
redis,C,.\clones\redis\src\redis-check-rdb.c,40,82,310
redis,C,.\clones\redis\deps\jemalloc\src\zone.c,65,96,308
redis,C,.\clones\redis\deps\lua\src\lua_struct.c,57,64,308
redis,Tcl/Tk,.\clones\redis\tests\support\redis.tcl,33,43,304
redis,C/C++ Header,.\clones\redis\deps\jemalloc\test\include\test\test.h,33,5,300
redis,C,.\clones\redis\tests\modules\testrdb.c,44,9,300
redis,C,.\clones\redis\src\call_reply.c,52,165,299
redis,C,.\clones\redis\deps\jemalloc\src\large.c,52,49,294
redis,C,.\clones\redis\src\rio.c,58,135,292
redis,Tcl/Tk,.\clones\redis\tests\unit\sort.tcl,37,2,291
redis,C/C++ Header,.\clones\redis\src\cluster.h,42,75,286
redis,C,.\clones\redis\deps\jemalloc\test\integration\xallocx.c,72,27,285
redis,Markdown,.\clones\redis\deps\jemalloc\INSTALL.md,137,0,284
redis,Tcl/Tk,.\clones\redis\tests\support\cluster.tcl,31,54,282
redis,C/C++ Header,.\clones\redis\deps\jemalloc\include\jemalloc\internal\bitmap.h,35,54,280
redis,Tcl/Tk,.\clones\redis\tests\integration\psync2.tcl,40,58,280
redis,C,.\clones\redis\deps\jemalloc\test\unit\arena_reset.c,61,12,276
redis,C,.\clones\redis\deps\jemalloc\test\unit\rb.c,62,18,275
redis,C,.\clones\redis\src\memtest.c,37,66,274
redis,C,.\clones\redis\src\siphash.c,50,49,274
redis,Tcl/Tk,.\clones\redis\tests\integration\rdb.tcl,48,47,274
redis,Markdown,.\clones\redis\deps\hiredis\CHANGELOG.md,73,0,272
redis,C,.\clones\redis\tests\modules\propagate.c,83,48,272
redis,C,.\clones\redis\src\multi.c,55,102,271
redis,C,.\clones\redis\deps\jemalloc\test\unit\ph.c,41,10,267
redis,Tcl/Tk,.\clones\redis\tests\unit\scan.tcl,43,23,264
redis,C,.\clones\redis\deps\jemalloc\src\rtree.c,31,27,262
redis,C/C++ Header,.\clones\redis\deps\jemalloc\test\include\test\extent_hooks.h,25,7,257
redis,C,.\clones\redis\deps\jemalloc\test\integration\smallocx.c,39,18,255
redis,C/C++ Header,.\clones\redis\deps\lua\src\luaconf.h,156,355,252
redis,C/C++ Header,.\clones\redis\deps\jemalloc\include\jemalloc\internal\tsd.h,40,126,249
redis,make,.\clones\redis\deps\hiredis\Makefile,55,11,247
redis,C,.\clones\redis\tests\modules\hooks.c,49,42,247
redis,C,.\clones\redis\src\modules\hellotype.c,49,68,245
redis,C,.\clones\redis\src\cli_common.c,44,89,240
redis,C,.\clones\redis\src\redis-check-aof.c,27,35,239
redis,C/C++ Header,.\clones\redis\deps\jemalloc\include\jemalloc\internal\witness.h,60,50,237
redis,C,.\clones\redis\src\adlist.c,39,107,237
redis,C,.\clones\redis\src\connection.c,69,130,234
redis,C/C++ Header,.\clones\redis\deps\jemalloc\include\jemalloc\internal\hash.h,66,20,233
redis,C,.\clones\redis\deps\jemalloc\test\unit\extent_util.c,24,12,233
redis,C,.\clones\redis\deps\jemalloc\src\sc.c,25,56,232
redis,Tcl/Tk,.\clones\redis\tests\unit\info.tcl,23,3,232
redis,C,.\clones\redis\deps\lua\src\ltablib.c,39,18,230
redis,C,.\clones\redis\deps\jemalloc\test\unit\malloc_io.c,33,0,225
redis,C/C++ Header,.\clones\redis\deps\jemalloc\test\include\test\math.h,24,58,224
redis,C,.\clones\redis\deps\jemalloc\test\integration\mallocx.c,34,18,222
redis,C/C++ Header,.\clones\redis\src\sds.h,20,45,222
redis,C/C++ Header,.\clones\redis\deps\jemalloc\include\jemalloc\internal\mutex.h,29,39,220
redis,C/C++ Header,.\clones\redis\deps\hiredis\sds.h,19,40,219
redis,C/C++ Header,.\clones\redis\deps\lua\src\lobject.h,104,58,219
redis,C,.\clones\redis\deps\jemalloc\test\unit\prof_reset.c,55,13,218
redis,C/C++ Header,.\clones\redis\deps\jemalloc\include\jemalloc\internal\sz.h,42,59,217
redis,C,.\clones\redis\tests\modules\blockedclient.c,71,38,216
redis,C,.\clones\redis\tests\modules\datatype.c,60,11,214
redis,C,.\clones\redis\deps\hiredis\dict.c,48,91,213
redis,C,.\clones\redis\deps\jemalloc\test\integration\extent.c,26,9,213
redis,C,.\clones\redis\deps\jemalloc\test\integration\rallocx.c,37,8,213
redis,Tcl/Tk,.\clones\redis\tests\unit\type\list-3.tcl,15,4,213
redis,C,.\clones\redis\deps\jemalloc\test\unit\qr.c,30,2,211
redis,C,.\clones\redis\tests\modules\eventloop.c,40,26,211
redis,C,.\clones\redis\deps\jemalloc\test\unit\witness.c,70,0,210
redis,JSON,.\clones\redis\src\commands\geosearchstore.json,0,0,210
redis,Tcl/Tk,.\clones\redis\tests\cluster\cluster.tcl,26,37,210
redis,Tcl/Tk,.\clones\redis\tests\unit\moduleapi\blockonkeys.tcl,24,5,210
redis,C/C++ Header,.\clones\redis\deps\jemalloc\include\jemalloc\internal\smoothstep.h,3,20,209
redis,C,.\clones\redis\deps\lua\src\print.c,14,5,208
redis,C,.\clones\redis\deps\jemalloc\test\unit\nstime.c,41,1,207
redis,C,.\clones\redis\tests\modules\keyspace_events.c,50,39,207
redis,C,.\clones\redis\deps\lua\src\lmathlib.c,47,10,206
redis,Tcl/Tk,.\clones\redis\tests\unit\bitfield.tcl,24,2,206
redis,C/C++ Header,.\clones\redis\deps\jemalloc\include\jemalloc\internal\bit_util.h,27,7,205
redis,Tcl/Tk,.\clones\redis\tests\integration\failover.tcl,60,30,204
redis,C/C++ Header,.\clones\redis\src\config.h,34,57,203
redis,JSON,.\clones\redis\src\commands\georadius.json,0,0,200
redis,C,.\clones\redis\deps\jemalloc\test\unit\prng.c,38,0,199
redis,C,.\clones\redis\tests\modules\stream.c,22,37,199
redis,C/C++ Header,.\clones\redis\deps\jemalloc\include\jemalloc\internal\jemalloc_internal_inlines_c.h,30,45,198
redis,JSON,.\clones\redis\src\commands\geosearch.json,0,0,198
redis,C,.\clones\redis\deps\jemalloc\test\unit\atomic.c,17,15,197
redis,C,.\clones\redis\tests\modules\blockonbackground.c,48,50,197
redis,Tcl/Tk,.\clones\redis\tests\support\test.tcl,29,11,197
redis,C,.\clones\redis\deps\lua\src\lundump.c,21,11,195
redis,C,.\clones\redis\src\setproctitle.c,66,70,195
redis,Tcl/Tk,.\clones\redis\tests\unit\protocol.tcl,34,13,194
redis,C,.\clones\redis\deps\jemalloc\test\unit\base.c,28,13,193
redis,C,.\clones\redis\src\lzf_c.c,43,67,192
redis,C,.\clones\redis\deps\hiredis\sockcompat.c,22,35,191
redis,C,.\clones\redis\deps\jemalloc\src\extent_dss.c,35,45,191
redis,Tcl/Tk,.\clones\redis\tests\integration\psync2-pingoff.tcl,27,32,191
redis,Tcl/Tk,.\clones\redis\tests\unit\aofrw.tcl,19,14,191
redis,Tcl/Tk,.\clones\redis\tests\unit\moduleapi\testrdb.tcl,32,30,191
redis,JSON,.\clones\redis\src\commands\georadiusbymember.json,0,0,189
redis,C,.\clones\redis\deps\jemalloc\test\unit\rtree.c,39,1,188
redis,C,.\clones\redis\tests\modules\list.c,17,31,188
redis,YAML,.\clones\redis\deps\jemalloc\.travis.yml,6,3,186
redis,C/C++ Header,.\clones\redis\deps\jemalloc\include\jemalloc\internal\tcache_inlines.h,31,10,186
redis,C,.\clones\redis\deps\jemalloc\src\mutex.c,24,13,186
redis,C,.\clones\redis\deps\lua\src\loslib.c,43,14,186
redis,C,.\clones\redis\src\crcspeed.c,43,54,185
redis,C/C++ Header,.\clones\redis\deps\jemalloc\include\jemalloc\internal\arena_stats.h,34,53,184
redis,C,.\clones\redis\deps\jemalloc\test\unit\tsd.c,38,45,184
redis,C,.\clones\redis\src\geohash.c,55,60,184
redis,Tcl/Tk,.\clones\redis\tests\unit\hyperloglog.tcl,22,10,182
redis,C,.\clones\redis\deps\jemalloc\test\src\test.c,35,19,180
redis,C/C++ Header,.\clones\redis\deps\lua\src\lua.h,106,102,180
redis,C,.\clones\redis\deps\lua\src\luac.c,17,5,178
redis,C,.\clones\redis\tests\modules\defragtest.c,48,11,178
redis,Ruby,.\clones\redis\utils\lru\test-lru.rb,29,16,178
redis,Tcl/Tk,.\clones\redis\tests\unit\moduleapi\datatype2.tcl,55,0,177
redis,C,.\clones\redis\deps\jemalloc\test\unit\ckh.c,32,3,176
redis,Markdown,.\clones\redis\deps\linenoise\README.markdown,71,0,176
redis,C/C++ Header,.\clones\redis\deps\jemalloc\include\jemalloc\internal\prof_inlines_b.h,43,32,175
redis,C,.\clones\redis\deps\lua\src\lobject.c,27,12,175
redis,C/C++ Header,.\clones\redis\deps\hiredis\hiredis.h,50,115,171
redis,C,.\clones\redis\src\bio.c,32,106,169
redis,HTML,.\clones\redis\deps\lua\doc\lua.html,2,2,168
redis,C,.\clones\redis\deps\lua\src\lstate.c,31,15,168
redis,Tcl/Tk,.\clones\redis\tests\integration\corrupt-dump-fuzzer.tcl,23,27,168
redis,Tcl/Tk,.\clones\redis\tests\unit\pause.tcl,35,10,167
redis,Tcl/Tk,.\clones\redis\tests\integration\replication-4.tcl,23,8,166
redis,C/C++ Header,.\clones\redis\deps\jemalloc\include\jemalloc\internal\atomic_gcc_sync.h,10,21,164
redis,C,.\clones\redis\src\ae_evport.c,56,101,164
redis,Tcl/Tk,.\clones\redis\tests\unit\obuf-limits.tcl,27,24,164
redis,Tcl/Tk,.\clones\redis\tests\integration\shutdown.tcl,36,39,163
redis,Tcl/Tk,.\clones\redis\tests\unit\cluster.tcl,41,21,163
redis,C,.\clones\redis\deps\jemalloc\test\unit\ql.c,35,7,162
redis,JSON,.\clones\redis\src\commands\migrate.json,1,0,162
redis,Tcl/Tk,.\clones\redis\tests\integration\replication-buffer.tcl,25,42,162
redis,Tcl/Tk,.\clones\redis\tests\unit\slowlog.tcl,28,12,162
redis,C,.\clones\redis\deps\jemalloc\test\unit\size_classes.c,28,0,160
redis,C,.\clones\redis\tests\modules\test_lazyfree.c,30,7,159
redis,C,.\clones\redis\src\geohash_helper.c,26,79,158
redis,C,.\clones\redis\src\sha1.c,31,40,157
redis,Tcl/Tk,.\clones\redis\tests\unit\pubsubshard.tcl,38,19,156
redis,Tcl/Tk,.\clones\redis\tests\cluster\tests\27-endpoints.tcl,40,36,155
redis,C,.\clones\redis\src\resp_parser.c,18,56,154
redis,C/C++ Header,.\clones\redis\deps\hdr_histogram\hdr_histogram.h,56,299,153
redis,Bourne Shell,.\clones\redis\deps\jemalloc\build-aux\install-sh,51,46,153
redis,C,.\clones\redis\deps\lua\src\strbuf.c,52,46,153
redis,C/C++ Header,.\clones\redis\deps\jemalloc\include\msvc_compat\C99\stdint.h,40,55,152
redis,C,.\clones\redis\src\lazyfree.c,21,54,152
redis,C,.\clones\redis\deps\jemalloc\test\unit\log.c,32,11,150
redis,Tcl/Tk,.\clones\redis\tests\unit\moduleapi\cluster.tcl,40,15,150
redis,JSON,.\clones\redis\src\commands\xadd.json,0,0,148
redis,C,.\clones\redis\tests\modules\aclcheck.c,35,10,147
redis,Ruby,.\clones\redis\utils\generate-module-api-doc.rb,14,33,147
redis,C,.\clones\redis\deps\jemalloc\src\hook.c,19,30,146
redis,JSON,.\clones\redis\src\commands\georadius_ro.json,0,0,146
redis,Bourne Shell,.\clones\redis\utils\install_server.sh,36,110,145
redis,Tcl/Tk,.\clones\redis\tests\cluster\tests\10-manual-failover.tcl,39,9,144
redis,C,.\clones\redis\tests\modules\reply.c,46,3,144
redis,Tcl/Tk,.\clones\redis\tests\unit\moduleapi\blockedclient.tcl,33,9,144
redis,Tcl/Tk,.\clones\redis\tests\cluster\tests\04-resharding.tcl,21,33,142
redis,Tcl/Tk,.\clones\redis\tests\unit\type\incr.tcl,24,4,142
redis,C,.\clones\redis\deps\jemalloc\test\stress\microbench.c,23,1,141
redis,HTML,.\clones\redis\deps\lua\doc\luac.html,2,2,141
redis,Tcl/Tk,.\clones\redis\tests\support\aofmanifest.tcl,28,0,141
redis,C/C++ Header,.\clones\redis\deps\jemalloc\include\jemalloc\internal\atomic_msvc.h,13,5,140
redis,C/C++ Header,.\clones\redis\deps\jemalloc\include\jemalloc\internal\tsd_generic.h,19,4,140
redis,C,.\clones\redis\deps\lua\src\lua_bit.c,16,34,139
redis,C,.\clones\redis\tests\modules\commandfilter.c,36,6,139
redis,C,.\clones\redis\deps\lua\src\ldump.c,19,8,137
redis,C,.\clones\redis\deps\jemalloc\test\unit\retained.c,28,20,136
redis,C,.\clones\redis\deps\lua\src\lfunc.c,29,9,136
redis,JSON,.\clones\redis\src\commands\sort.json,0,0,136
redis,C/C++ Header,.\clones\redis\src\dict.h,28,48,136
redis,make,.\clones\redis\deps\lua\src\Makefile,36,12,135
redis,JSON,.\clones\redis\src\commands\georadiusbymember_ro.json,0,0,135
redis,C,.\clones\redis\src\lzf_d.c,19,37,135
redis,Tcl/Tk,.\clones\redis\tests\cluster\tests\05-slave-selection.tcl,31,13,135
redis,C,.\clones\redis\deps\jemalloc\src\nstime.c,36,1,133
redis,C/C++ Header,.\clones\redis\deps\jemalloc\include\jemalloc\internal\jemalloc_internal_inlines_a.h,25,17,132
redis,JSON,.\clones\redis\src\commands\set.json,0,0,132
redis,Tcl/Tk,.\clones\redis\tests\unit\moduleapi\hooks.tcl,24,7,131
redis,CMake,.\clones\redis\deps\hiredis\CMakeLists.txt,34,1,130
redis,Tcl/Tk,.\clones\redis\tests\unit\introspection-2.tcl,26,7,130
redis,Tcl/Tk,.\clones\redis\tests\unit\latency-monitor.tcl,15,4,128
redis,JSON,.\clones\redis\src\commands\bitfield.json,0,0,127
redis,C/C++ Header,.\clones\redis\deps\hiredis\adapters\glib.h,26,4,126
redis,C,.\clones\redis\deps\jemalloc\test\integration\aligned_alloc.c,18,13,126
redis,Tcl/Tk,.\clones\redis\tests\unit\moduleapi\stream.tcl,12,21,126
redis,C,.\clones\redis\deps\jemalloc\test\unit\pack.c,23,19,124
redis,JSON,.\clones\redis\src\commands\zadd.json,0,0,124
redis,C,.\clones\redis\src\sha256.c,18,21,124
redis,Tcl/Tk,.\clones\redis\tests\integration\psync2-master-restart.tcl,28,23,124
redis,Tcl/Tk,.\clones\redis\tests\integration\redis-benchmark.tcl,21,17,124
redis,C/C++ Header,.\clones\redis\deps\hiredis\adapters\libev.h,23,33,123
redis,C,.\clones\redis\deps\jemalloc\test\unit\binshard.c,24,7,123
redis,C,.\clones\redis\deps\jemalloc\test\unit\hash.c,17,33,123
redis,C,.\clones\redis\src\pqsort.c,22,40,123
redis,C,.\clones\redis\deps\jemalloc\test\unit\junk.c,19,0,122
redis,C,.\clones\redis\src\ae_kqueue.c,27,41,122
redis,C/C++ Header,.\clones\redis\src\quicklist.h,21,68,122
redis,C,.\clones\redis\deps\jemalloc\test\unit\safety_check.c,25,10,121
redis,C,.\clones\redis\src\slowlog.c,16,68,121
redis,C,.\clones\redis\utils\hashtable\rehashing.c,22,0,121
redis,YAML,.\clones\redis\deps\hiredis\.travis.yml,10,2,119
redis,C/C++ Header,.\clones\redis\deps\jemalloc\include\jemalloc\internal\atomic_gcc_atomic.h,9,1,119
redis,C/C++ Header,.\clones\redis\deps\jemalloc\include\jemalloc\internal\tsd_win.h,16,4,119
redis,C,.\clones\redis\deps\jemalloc\test\unit\prof_log.c,22,7,119
redis,C/C++ Header,.\clones\redis\src\connection.h,33,92,119
redis,JSON,.\clones\redis\src\commands\client-kill.json,0,0,117
redis,C/C++ Header,.\clones\redis\deps\hiredis\adapters\libevent.h,26,33,116
redis,JSON,.\clones\redis\src\commands\sort_ro.json,0,0,115
redis,Tcl/Tk,.\clones\redis\tests\cluster\tests\25-pubsubshard-slot-migration.tcl,47,9,115
redis,C,.\clones\redis\deps\jemalloc\test\unit\extent_quantize.c,19,8,114
redis,JSON,.\clones\redis\src\commands\zrangestore.json,0,0,114
redis,C,.\clones\redis\src\modules\helloblock.c,29,76,114
redis,Tcl/Tk,.\clones\redis\tests\unit\tls.tcl,37,7,114
redis,C/C++ Header,.\clones\redis\deps\hdr_histogram\hdr_atomic.h,28,5,113
redis,Ruby,.\clones\redis\src\redis-trib.rb,13,3,113
redis,Tcl/Tk,.\clones\redis\tests\unit\moduleapi\misc.tcl,21,5,113
redis,Tcl/Tk,.\clones\redis\tests\unit\networking.tcl,30,22,113
redis,C/C++ Header,.\clones\redis\deps\lua\src\lopcodes.h,77,79,112
redis,C,.\clones\redis\src\lolwut6.c,14,75,112
redis,Tcl/Tk,.\clones\redis\tests\integration\replication-3.tcl,10,8,112
redis,XML,.\clones\redis\deps\jemalloc\msvc\projects\vc2017\jemalloc\jemalloc.vcxproj.filters,0,0,110
redis,C/C++ Header,.\clones\redis\deps\lua\src\lstate.h,37,22,110
redis,C,.\clones\redis\src\monotonic.c,34,26,110
redis,C,.\clones\redis\deps\jemalloc\test\integration\posix_memalign.c,14,5,109
redis,C,.\clones\redis\deps\jemalloc\test\unit\fork.c,14,18,109
redis,C,.\clones\redis\src\childinfo.c,22,50,109
redis,Tcl/Tk,.\clones\redis\tests\integration\replication-psync.tcl,15,19,109
redis,C,.\clones\redis\deps\jemalloc\test\integration\allocated.c,15,1,108
redis,Ruby,.\clones\redis\utils\generate-command-help.rb,16,7,108
redis,Tcl/Tk,.\clones\redis\utils\speed-regression.tcl,14,8,108
redis,XML,.\clones\redis\deps\jemalloc\msvc\projects\vc2015\jemalloc\jemalloc.vcxproj.filters,0,0,107
redis,C,.\clones\redis\src\modules\helloacl.c,35,49,107
redis,C,.\clones\redis\src\setcpuaffinity.c,20,28,107
redis,C/C++ Header,.\clones\redis\deps\jemalloc\include\jemalloc\internal\prng.h,40,39,106
redis,JSON,.\clones\redis\src\commands\blmove.json,0,0,106
redis,Tcl/Tk,.\clones\redis\tests\unit\moduleapi\blockonbackground.tcl,17,3,106
redis,C,.\clones\redis\utils\lru\lfu-simulation.c,22,30,106
redis,JSON,.\clones\redis\src\commands\zrange.json,0,0,105
redis,Tcl/Tk,.\clones\redis\tests\sentinel\tests\00-base.tcl,19,8,105
redis,C,.\clones\redis\deps\lua\src\fpconv.c,33,68,104
redis,C++,.\clones\redis\deps\jemalloc\src\jemalloc_cpp.cpp,27,11,103
redis,JSON,.\clones\redis\src\commands\xtrim.json,0,0,103
redis,JSON,.\clones\redis\src\commands\zinterstore.json,0,0,103
redis,JSON,.\clones\redis\src\commands\zunionstore.json,0,0,103
redis,C,.\clones\redis\src\timeout.c,18,69,103
redis,C/C++ Header,.\clones\redis\deps\jemalloc\include\jemalloc\internal\ctl.h,21,11,102
redis,C/C++ Header,.\clones\redis\src\rio.h,24,52,102
redis,C,.\clones\redis\deps\jemalloc\test\unit\background_thread.c,17,1,101
redis,C,.\clones\redis\deps\jemalloc\test\unit\bit_util.c,10,0,101
redis,Tcl/Tk,.\clones\redis\tests\cluster\tests\22-replica-in-sync.tcl,26,19,101
redis,C,.\clones\redis\tests\modules\infotest.c,18,0,101
redis,Bourne Again Shell,.\clones\redis\utils\create-cluster\create-cluster,15,4,101
redis,JSON,.\clones\redis\src\commands\lmove.json,0,0,100
redis,C,.\clones\redis\src\sparkline.c,19,57,100
redis,C/C++ Header,.\clones\redis\deps\jemalloc\test\include\test\SFMT-alti.h,10,77,99
redis,C,.\clones\redis\src\mt19937-64.c,31,57,99
redis,C/C++ Header,.\clones\redis\src\rdb.h,16,62,99
redis,C/C++ Header,.\clones\redis\deps\lua\src\lauxlib.h,57,20,97
redis,C,.\clones\redis\deps\jemalloc\test\unit\prof_thread_name.c,21,3,96
redis,C/C++ Header,.\clones\redis\deps\jemalloc\include\jemalloc\internal\arena_externs.h,9,0,95
redis,C/C++ Header,.\clones\redis\deps\jemalloc\include\jemalloc\internal\extent_structs.h,31,130,95
redis,JSON,.\clones\redis\src\commands\restore.json,0,0,95
redis,C,.\clones\redis\deps\jemalloc\test\unit\prof_active.c,18,5,94
redis,C/C++ Header,.\clones\redis\deps\lua\src\strbuf.h,23,37,94
redis,JSON,.\clones\redis\src\commands\geoadd.json,0,0,94
redis,JSON,.\clones\redis\src\commands\xclaim.json,0,0,94
redis,Tcl/Tk,.\clones\redis\tests\cluster\tests\03-failover-loop.tcl,16,7,94
redis,Markdown,.\clones\redis\deps\jemalloc\TUNING.md,36,0,93
redis,JSON,.\clones\redis\src\commands\bitpos.json,0,0,93
redis,C,.\clones\redis\tests\modules\keyspecs.c,20,3,93
redis,C,.\clones\redis\tests\modules\scan.c,23,5,93
redis,JSON,.\clones\redis\src\commands\xreadgroup.json,0,0,92
redis,C/C++ Header,.\clones\redis\deps\hiredis\adapters\qt.h,20,24,91
redis,C,.\clones\redis\src\lolwut.c,19,78,91
redis,C,.\clones\redis\tests\modules\getkeys.c,23,8,90
redis,C,.\clones\redis\deps\jemalloc\test\unit\huge.c,15,4,89
redis,C/C++ Header,.\clones\redis\deps\jemalloc\include\jemalloc\internal\jemalloc_internal_decls.h,3,3,88
redis,C,.\clones\redis\deps\lua\src\lstring.c,15,8,88
redis,C,.\clones\redis\src\ae_epoll.c,19,33,87
redis,JSON,.\clones\redis\src\commands\xpending.json,0,0,87
redis,C,.\clones\redis\src\lolwut5.c,12,78,87
redis,Tcl/Tk,.\clones\redis\tests\unit\oom-score-adj.tcl,28,12,86
redis,C,.\clones\redis\deps\hiredis\examples\example-ssl.c,17,8,85
redis,C,.\clones\redis\deps\jemalloc\src\witness.c,14,1,85
redis,C,.\clones\redis\deps\lua\src\lopcodes.c,11,6,85
redis,JSON,.\clones\redis\src\commands\brpoplpush.json,0,0,85
redis,JSON,.\clones\redis\src\commands\zinter.json,0,0,85
redis,JSON,.\clones\redis\src\commands\zrangebyscore.json,0,0,85
redis,JSON,.\clones\redis\src\commands\zunion.json,0,0,85
redis,C/C++ Header,.\clones\redis\src\stream.h,13,39,85
redis,C/C++ Header,.\clones\redis\src\zmalloc.h,16,42,85
redis,Tcl/Tk,.\clones\redis\tests\integration\replication-2.tcl,7,1,85
redis,C/C++ Header,.\clones\redis\deps\jemalloc\include\jemalloc\internal\jemalloc_internal_macros.h,14,16,84
redis,C,.\clones\redis\deps\jemalloc\src\bitmap.c,20,17,84
redis,JSON,.\clones\redis\src\commands\zrevrangebyscore.json,0,0,84
redis,C/C++ Header,.\clones\redis\src\geohash.h,14,38,84
redis,Tcl/Tk,.\clones\redis\tests\cluster\tests\14-consistency-check.tcl,21,19,84
redis,Tcl/Tk,.\clones\redis\tests\sentinel\tests\07-down-conditions.tcl,11,4,84
redis,C,.\clones\redis\deps\hiredis\examples\example-push.c,28,49,83
redis,Python,.\clones\redis\utils\generate-commands-json.py,26,26,83
redis,C/C++ Header,.\clones\redis\deps\hiredis\adapters\libuv.h,35,0,82
redis,C/C++ Header,.\clones\redis\deps\hiredis\adapters\macosx.h,26,7,82
redis,C/C++ Header,.\clones\redis\deps\jemalloc\include\jemalloc\internal\atomic_c11.h,7,8,82
redis,C/C++ Header,.\clones\redis\deps\jemalloc\include\jemalloc\internal\sc.h,19,232,82
redis,C++,.\clones\redis\deps\jemalloc\msvc\test_threads\test_threads.cpp,3,3,82
redis,JSON,.\clones\redis\src\commands\bitcount.json,0,0,82
redis,JSON,.\clones\redis\src\commands\client-list.json,0,0,82
redis,JSON,.\clones\redis\src\commands\expire.json,0,0,82
redis,JSON,.\clones\redis\src\commands\expireat.json,0,0,82
redis,JSON,.\clones\redis\src\commands\pexpire.json,0,0,82
redis,JSON,.\clones\redis\src\commands\pexpireat.json,0,0,82
redis,C,.\clones\redis\tests\modules\timer.c,20,0,82
redis,Tcl/Tk,.\clones\redis\utils\graphs\commits-over-time\genhtml.tcl,7,7,82
redis,C/C++ Header,.\clones\redis\deps\hiredis\adapters\ae.h,17,32,81
redis,C,.\clones\redis\deps\jemalloc\test\unit\seq.c,14,0,81
redis,Tcl/Tk,.\clones\redis\tests\cluster\tests\23-multiple-slot-operations.tcl,25,11,81
redis,C/C++ Header,.\clones\redis\deps\jemalloc\include\jemalloc\internal\prof_externs.h,11,14,80
redis,C/C++ Header,.\clones\redis\deps\jemalloc\include\jemalloc\internal\prof_structs.h,37,83,80
redis,Python,.\clones\redis\deps\jemalloc\scripts\gen_run_tests.py,19,27,80
redis,C,.\clones\redis\deps\jemalloc\src\bin.c,13,2,80
redis,Tcl/Tk,.\clones\redis\tests\unit\violations.tcl,7,15,80
redis,C/C++ Header,.\clones\redis\deps\jemalloc\test\include\test\SFMT-sse2.h,8,70,79
redis,C/C++ Header,.\clones\redis\deps\jemalloc\test\include\test\mq.h,2,26,79
redis,Lua,.\clones\redis\deps\lua\test\life.lua,14,18,79
redis,JSON,.\clones\redis\src\commands\copy.json,0,0,79
redis,Tcl/Tk,.\clones\redis\tests\unit\lazyfree.tcl,7,4,79
redis,Tcl/Tk,.\clones\redis\tests\unit\moduleapi\keyspace_events.tcl,11,0,79
redis,Tcl/Tk,.\clones\redis\tests\unit\moduleapi\reply.tcl,16,6,79
redis,YAML,.\clones\redis\.github\workflows\external.yml,4,0,78
redis,C/C++ Header,.\clones\redis\src\ae.h,15,43,78
redis,JSON,.\clones\redis\src\commands\geodist.json,0,0,78
redis,JSON,.\clones\redis\src\commands\getex.json,0,0,78
redis,C/C++ Header,.\clones\redis\src\lzfP.h,22,90,78
redis,Tcl/Tk,.\clones\redis\tests\sentinel\tests\12-master-reboot.tcl,18,7,78
redis,make,.\clones\redis\deps\lua\Makefile,22,29,77
redis,JSON,.\clones\redis\src\commands\blmpop.json,0,0,77
redis,JSON,.\clones\redis\src\commands\bzmpop.json,0,0,77
redis,C,.\clones\redis\src\notify.c,12,54,77
redis,JSON,.\clones\redis\src\commands\client-tracking.json,0,0,75
redis,JSON,.\clones\redis\src\commands\xautoclaim.json,0,0,75
redis,Markdown,.\clones\redis\deps\README.md,22,0,74
redis,C/C++ Header,.\clones\redis\src\atomicvar.h,13,71,74
redis,JSON,.\clones\redis\src\commands\renamenx.json,0,0,74
redis,C,.\clones\redis\src\syncio.c,15,56,74
redis,Tcl/Tk,.\clones\redis\tests\cluster\tests\24-links.tcl,18,22,74
redis,Tcl/Tk,.\clones\redis\tests\unit\moduleapi\commandfilter.tcl,20,4,74
redis,C/C++ Header,.\clones\redis\deps\hiredis\async.h,23,51,73
redis,C/C++ Header,.\clones\redis\deps\hiredis\read.h,19,37,73
redis,C/C++ Header,.\clones\redis\deps\jemalloc\include\jemalloc\internal\malloc_io.h,8,21,73
redis,JSON,.\clones\redis\src\commands\rename.json,1,0,73
redis,JSON,.\clones\redis\src\commands\rpoplpush.json,0,0,73
redis,JSON,.\clones\redis\src\commands\zdiffstore.json,0,0,73
redis,Tcl/Tk,.\clones\redis\tests\cluster\tests\07-replica-migration.tcl,19,11,73
redis,C,.\clones\redis\tests\modules\fork.c,16,4,73
redis,make,.\clones\redis\deps\Makefile,25,8,72
redis,C,.\clones\redis\deps\hiredis\examples\example-libevent-ssl.c,16,2,72
redis,C,.\clones\redis\deps\jemalloc\test\unit\smoothstep.c,11,19,72
redis,JSON,.\clones\redis\src\commands\bitop.json,0,0,72
redis,JSON,.\clones\redis\src\commands\lcs.json,0,0,72
redis,JSON,.\clones\redis\src\commands\lmpop.json,0,0,72
redis,JSON,.\clones\redis\src\commands\smove.json,0,0,72
redis,JSON,.\clones\redis\src\commands\xread.json,0,0,72
redis,JSON,.\clones\redis\src\commands\zmpop.json,0,0,72
redis,JSON,.\clones\redis\src\commands\zrangebylex.json,0,0,72
redis,JSON,.\clones\redis\src\commands\zrevrangebylex.json,0,0,72
redis,C,.\clones\redis\tests\modules\auth.c,25,3,72
redis,C,.\clones\redis\tests\modules\hash.c,8,10,72
redis,Tcl/Tk,.\clones\redis\tests\sentinel\tests\02-slaves-reconf.tcl,11,8,72
redis,C/C++ Header,.\clones\redis\deps\hiredis\dict.h,17,38,71
redis,C,.\clones\redis\deps\jemalloc\test\integration\thread_tcache_enabled.c,15,1,71
redis,C,.\clones\redis\deps\jemalloc\test\unit\mq.c,18,0,71
redis,Tcl/Tk,.\clones\redis\tests\sentinel\tests\includes\init-tests.tcl,8,1,71
redis,Tcl/Tk,.\clones\redis\tests\unit\moduleapi\infotest.tcl,16,11,71
redis,C/C++ Header,.\clones\redis\deps\jemalloc\include\jemalloc\internal\extent_externs.h,11,2,70
redis,C/C++ Header,.\clones\redis\deps\jemalloc\include\jemalloc\internal\mutex_prof.h,15,23,70
redis,CSS,.\clones\redis\deps\lua\doc\lua.css,13,0,70
redis,JSON,.\clones\redis\src\commands\xgroup-create.json,0,0,70
redis,C,.\clones\redis\src\crc64.c,18,73,70
redis,C/C++ Header,.\clones\redis\deps\jemalloc\include\jemalloc\internal\mutex_pool.h,17,8,69
redis,Python,.\clones\redis\deps\jemalloc\scripts\gen_travis.py,26,54,69
redis,C,.\clones\redis\deps\jemalloc\test\integration\thread_arena.c,17,0,69
redis,JSON,.\clones\redis\src\commands\pfmerge.json,0,0,69
redis,Tcl/Tk,.\clones\redis\tests\cluster\tests\20-half-migrated-slot.tcl,18,11,69
redis,Tcl/Tk,.\clones\redis\tests\integration\dismiss-mem.tcl,14,18,69
redis,Ruby,.\clones\redis\utils\hyperloglog\hll-gnuplot-graph.rb,4,15,69
redis,C,.\clones\redis\deps\hiredis\examples\example.c,14,9,68
redis,C/C++ Header,.\clones\redis\deps\jemalloc\include\jemalloc\internal\quantum.h,4,5,68
redis,JSON,.\clones\redis\src\commands\linsert.json,0,0,68
redis,JSON,.\clones\redis\src\commands\sdiffstore.json,0,0,68
redis,JSON,.\clones\redis\src\commands\sinterstore.json,0,0,68
redis,JSON,.\clones\redis\src\commands\sunionstore.json,0,0,68
redis,Tcl/Tk,.\clones\redis\tests\cluster\tests\00-base.tcl,11,3,68
redis,Tcl/Tk,.\clones\redis\tests\cluster\tests\26-pubsubshard.tcl,25,1,68
redis,Tcl/Tk,.\clones\redis\tests\unit\auth.tcl,13,3,68
redis,Bourne Shell,.\clones\redis\deps\jemalloc\include\jemalloc\internal\smoothstep.sh,13,21,67
redis,C,.\clones\redis\deps\jemalloc\test\unit\background_thread_enable.c,11,7,67
redis,Tcl/Tk,.\clones\redis\tests\integration\psync2-reg.tcl,8,7,67
redis,C/C++ Header,.\clones\redis\deps\jemalloc\include\jemalloc\internal\ql.h,20,2,66
redis,C,.\clones\redis\deps\jemalloc\test\unit\prof_accum.c,15,0,66
redis,JSON,.\clones\redis\src\commands\eval.json,0,0,66
redis,JSON,.\clones\redis\src\commands\hset.json,0,0,66
redis,YAML,.\clones\redis\.github\workflows\ci.yml,9,2,65
redis,C/C++ Header,.\clones\redis\deps\jemalloc\include\jemalloc\internal\arena_structs_b.h,23,144,65
redis,C/C++ Header,.\clones\redis\deps\jemalloc\include\jemalloc\internal\jemalloc_internal_inlines_b.h,14,8,65
redis,C/C++ Header,.\clones\redis\deps\jemalloc\include\jemalloc\internal\jemalloc_internal_types.h,18,31,65
redis,JSON,.\clones\redis\src\commands\evalsha.json,0,0,65
redis,JSON,.\clones\redis\src\commands\hmset.json,0,0,65
redis,JSON,.\clones\redis\src\commands\lpos.json,0,0,65
redis,JSON,.\clones\redis\src\commands\shutdown.json,0,0,65
redis,C,.\clones\redis\tests\modules\subcommands.c,20,5,65
redis,Bourne Shell,.\clones\redis\deps\hiredis\test.sh,12,2,64
redis,JSON,.\clones\redis\src\commands\fcall.json,0,0,64
redis,Tcl/Tk,.\clones\redis\tests\cluster\tests\includes\init-tests.tcl,6,5,64
redis,Tcl/Tk,.\clones\redis\tests\unit\moduleapi\datatype.tcl,16,8,64
redis,Markdown,.\clones\redis\TLS.md,24,0,63
redis,C/C++ Header,.\clones\redis\deps\hiredis\adapters\ivykis.h,17,4,63
redis,C/C++ Header,.\clones\redis\deps\jemalloc\include\jemalloc\internal\pages.h,9,16,63
redis,JSON,.\clones\redis\src\commands\hello.json,0,0,63
redis,JSON,.\clones\redis\src\commands\hrandfield.json,0,0,63
redis,JSON,.\clones\redis\src\commands\xgroup-setid.json,0,0,63
redis,JSON,.\clones\redis\src\commands\xrange.json,0,0,63
redis,JSON,.\clones\redis\src\commands\xrevrange.json,0,0,63
redis,JSON,.\clones\redis\src\commands\zrandmember.json,0,0,63
redis,C,.\clones\redis\src\endianconv.c,18,48,63
redis,C,.\clones\redis\deps\jemalloc\test\unit\ticker.c,11,0,62
redis,JSON,.\clones\redis\src\commands\eval_ro.json,0,0,62
redis,JSON,.\clones\redis\src\commands\fcall_ro.json,0,0,62
redis,JSON,.\clones\redis\src\commands\hscan.json,0,0,62
redis,JSON,.\clones\redis\src\commands\sscan.json,0,0,62
redis,JSON,.\clones\redis\src\commands\zrevrange.json,0,0,62
redis,JSON,.\clones\redis\src\commands\zscan.json,0,0,62
redis,C,.\clones\redis\src\modules\hellodict.c,16,54,62
redis,C/C++ Header,.\clones\redis\src\rax.h,12,142,62
redis,Tcl/Tk,.\clones\redis\tests\cluster\tests\08-update-msg.tcl,18,10,62
redis,Visual Studio Solution,.\clones\redis\deps\jemalloc\msvc\jemalloc_vc2015.sln,1,1,61
redis,Visual Studio Solution,.\clones\redis\deps\jemalloc\msvc\jemalloc_vc2017.sln,1,1,61
redis,C,.\clones\redis\deps\jemalloc\test\stress\hookbench.c,11,1,61
redis,JSON,.\clones\redis\src\commands\evalsha_ro.json,0,0,61
redis,C,.\clones\redis\deps\hiredis\examples\example-glib.c,13,0,60
redis,C/C++ Header,.\clones\redis\deps\jemalloc\include\jemalloc\internal\hook.h,22,81,60
redis,C/C++ Header,.\clones\redis\deps\jemalloc\include\jemalloc\internal\log.h,15,40,60
redis,C/C++ Header,.\clones\redis\deps\lua\src\lgc.h,28,22,60
redis,C,.\clones\redis\src\ae_select.c,17,32,60
redis,JSON,.\clones\redis\src\commands\spop.json,0,0,60
redis,C,.\clones\redis\src\modules\hellocluster.c,15,44,60
redis,Tcl/Tk,.\clones\redis\tests\cluster\tests\17-diskless-load-swapdb.tcl,15,11,60
redis,Tcl/Tk,.\clones\redis\tests\unit\moduleapi\timer.tcl,23,16,60
redis,C/C++ Header,.\clones\redis\deps\jemalloc\include\jemalloc\internal\cache_bin.h,17,55,59
redis,C/C++ Header,.\clones\redis\deps\jemalloc\include\jemalloc\internal\prof_inlines_a.h,8,18,59
redis,C,.\clones\redis\deps\jemalloc\test\unit\prof_gdump.c,15,0,59
redis,C,.\clones\redis\deps\lua\src\lzio.c,16,7,59
redis,JSON,.\clones\redis\src\commands\bitfield_ro.json,0,0,59
redis,JSON,.\clones\redis\src\commands\mset.json,0,0,59
redis,Tcl/Tk,.\clones\redis\tests\unit\moduleapi\list.tcl,8,3,59
redis,JSON,.\clones\redis\src\commands\bzpopmax.json,0,0,58
redis,JSON,.\clones\redis\src\commands\bzpopmin.json,0,0,58
redis,JSON,.\clones\redis\src\commands\srandmember.json,0,0,58
redis,JSON,.\clones\redis\src\commands\xinfo-stream.json,0,0,58
redis,Tcl/Tk,.\clones\redis\tests\cluster\tests\16-transactions-on-replica.tcl,12,1,58
redis,make,.\clones\redis\tests\modules\Makefile,12,2,58
redis,C,.\clones\redis\deps\jemalloc\src\log.c,9,12,57
redis,C,.\clones\redis\deps\jemalloc\test\integration\slab_sizes.c,11,12,57
redis,C,.\clones\redis\deps\linenoise\example.c,9,13,57
redis,C/C++ Header,.\clones\redis\deps\lua\src\lparser.h,16,9,57
redis,JSON,.\clones\redis\src\commands\blpop.json,0,0,57
redis,JSON,.\clones\redis\src\commands\brpop.json,0,0,57
redis,JSON,.\clones\redis\src\commands\lpop.json,0,0,57
redis,JSON,.\clones\redis\src\commands\rpop.json,0,0,57
redis,Tcl/Tk,.\clones\redis\tests\unit\moduleapi\aclcheck.tcl,16,12,57
redis,JSON,.\clones\redis\src\commands\lpush.json,0,0,56
redis,JSON,.\clones\redis\src\commands\lpushx.json,0,0,56
redis,JSON,.\clones\redis\src\commands\rpush.json,0,0,56
redis,JSON,.\clones\redis\src\commands\rpushx.json,0,0,56
redis,JSON,.\clones\redis\src\commands\sadd.json,0,0,56
redis,JSON,.\clones\redis\src\commands\substr.json,0,0,56
redis,C,.\clones\redis\deps\hiredis\examples\example-libevent.c,10,2,55
redis,C,.\clones\redis\deps\jemalloc\test\integration\MALLOCX_ARENA.c,11,0,55
redis,C,.\clones\redis\deps\jemalloc\test\src\mtx.c,6,0,55
redis,JSON,.\clones\redis\src\commands\getset.json,0,0,55
redis,JSON,.\clones\redis\src\commands\hdel.json,0,0,55
redis,JSON,.\clones\redis\src\commands\msetnx.json,0,0,55
redis,JSON,.\clones\redis\src\commands\sintercard.json,0,0,55
redis,JSON,.\clones\redis\src\commands\srem.json,0,0,55
redis,JSON,.\clones\redis\src\commands\zdiff.json,0,0,55
redis,JSON,.\clones\redis\src\commands\zintercard.json,0,0,55
redis,JSON,.\clones\redis\src\commands\zrem.json,0,0,55
redis,Tcl/Tk,.\clones\redis\tests\cluster\tests\12-replica-migration-2.tcl,10,9,55
redis,Tcl/Tk,.\clones\redis\tests\sentinel\tests\10-replica-priority.tcl,10,11,55
redis,C/C++ Header,.\clones\redis\deps\hiredis\sockcompat.h,6,32,54
redis,C/C++ Header,.\clones\redis\deps\jemalloc\include\jemalloc\internal\bin.h,19,50,54
redis,C/C++ Header,.\clones\redis\deps\jemalloc\include\jemalloc\internal\qr.h,12,6,54
redis,Lua,.\clones\redis\deps\lua\test\sort.lua,6,6,54
redis,JSON,.\clones\redis\src\commands\client-pause.json,0,0,54
redis,JSON,.\clones\redis\src\commands\exists.json,0,0,54
redis,JSON,.\clones\redis\src\commands\hincrby.json,0,0,54
redis,JSON,.\clones\redis\src\commands\hincrbyfloat.json,0,0,54
redis,JSON,.\clones\redis\src\commands\zincrby.json,0,0,54
redis,C/C++ Header,.\clones\redis\src\functions.h,18,61,54
redis,C/C++ Header,.\clones\redis\deps\jemalloc\include\jemalloc\internal\background_thread_inlines.h,9,0,53
redis,C,.\clones\redis\deps\jemalloc\src\sz.c,7,4,53
redis,C/C++ Header,.\clones\redis\deps\lua\src\llimits.h,51,24,53
redis,JSON,.\clones\redis\src\commands\hsetnx.json,0,0,53
redis,JSON,.\clones\redis\src\commands\pttl.json,0,0,53
redis,JSON,.\clones\redis\src\commands\setbit.json,0,0,53
redis,JSON,.\clones\redis\src\commands\ttl.json,0,0,53
redis,JSON,.\clones\redis\src\commands\xack.json,0,0,53
redis,JSON,.\clones\redis\src\commands\xgroup-createconsumer.json,0,0,53
redis,C/C++ Header,.\clones\redis\src\listpack.h,8,37,53
redis,Tcl/Tk,.\clones\redis\tests\cluster\tests\15-cluster-slots.tcl,9,1,53
redis,C/C++ Header,.\clones\redis\src\adlist.h,11,33,52
redis,JSON,.\clones\redis\src\commands\flushall.json,0,0,52
redis,JSON,.\clones\redis\src\commands\flushdb.json,0,0,52
redis,JSON,.\clones\redis\src\commands\lset.json,0,0,52
redis,JSON,.\clones\redis\src\commands\psetex.json,0,0,52
redis,JSON,.\clones\redis\src\commands\setex.json,0,0,52
redis,JSON,.\clones\redis\src\commands\setrange.json,0,0,52
redis,JSON,.\clones\redis\src\commands\xgroup-delconsumer.json,0,0,52
redis,JSON,.\clones\redis\src\commands\zcount.json,0,0,52
redis,JSON,.\clones\redis\src\commands\zlexcount.json,0,0,52
redis,C,.\clones\redis\src\localtime.c,14,57,52
redis,Tcl/Tk,.\clones\redis\tests\sentinel\tests\08-hostname-conf.tcl,9,6,52
redis,Tcl/Tk,.\clones\redis\tests\unit\wait.tcl,6,0,52
redis,C,.\clones\redis\deps\lua\src\ltm.c,15,9,51
redis,JSON,.\clones\redis\src\commands\cluster-setslot.json,0,0,51
redis,JSON,.\clones\redis\src\commands\failover.json,0,0,51
redis,JSON,.\clones\redis\src\commands\function-restore.json,0,0,51
redis,JSON,.\clones\redis\src\commands\getrange.json,0,0,51
redis,JSON,.\clones\redis\src\commands\lrange.json,0,0,51
redis,JSON,.\clones\redis\src\commands\lrem.json,0,0,51
redis,JSON,.\clones\redis\src\commands\ltrim.json,0,0,51
redis,JSON,.\clones\redis\src\commands\pfadd.json,0,0,51
redis,JSON,.\clones\redis\src\commands\scan.json,0,0,51
redis,JSON,.\clones\redis\src\commands\xinfo-consumers.json,0,0,51
redis,JSON,.\clones\redis\src\commands\zremrangebylex.json,0,0,51
redis,JSON,.\clones\redis\src\commands\zremrangebyrank.json,0,0,51
redis,JSON,.\clones\redis\src\commands\zremrangebyscore.json,0,0,51
redis,C,.\clones\redis\src\modules\hellohook.c,8,34,51
redis,C/C++ Header,.\clones\redis\deps\jemalloc\include\jemalloc\internal\ticker.h,11,30,50
redis,C,.\clones\redis\deps\jemalloc\test\unit\zero.c,9,0,50
redis,JSON,.\clones\redis\src\commands\decrby.json,0,0,50
redis,JSON,.\clones\redis\src\commands\incrby.json,0,0,50
redis,JSON,.\clones\redis\src\commands\incrbyfloat.json,0,0,50
redis,JSON,.\clones\redis\src\commands\zpopmax.json,0,0,50
redis,JSON,.\clones\redis\src\commands\zpopmin.json,0,0,50
redis,Tcl/Tk,.\clones\redis\tests\cluster\tests\02-failover.tcl,14,1,50
redis,Tcl/Tk,.\clones\redis\tests\unit\shutdown.tcl,8,10,50
redis,C/C++ Header,.\clones\redis\deps\hiredis\sdscompat.h,6,39,49
redis,C/C++ Header,.\clones\redis\deps\jemalloc\include\jemalloc\internal\tsd_malloc_thread_cleanup.h,9,3,49
redis,C/C++ Header,.\clones\redis\deps\jemalloc\test\include\test\SFMT.h,14,83,49
redis,C,.\clones\redis\deps\jemalloc\test\integration\sdallocx.c,6,0,49
redis,C/C++ Header,.\clones\redis\deps\lua\src\lcode.h,15,12,49
redis,JSON,.\clones\redis\src\commands\append.json,0,0,49
redis,JSON,.\clones\redis\src\commands\function-load.json,0,0,49
redis,JSON,.\clones\redis\src\commands\hmget.json,0,0,49
redis,JSON,.\clones\redis\src\commands\move.json,0,0,49
redis,JSON,.\clones\redis\src\commands\setnx.json,0,0,49
redis,JSON,.\clones\redis\src\commands\smismember.json,0,0,49
redis,JSON,.\clones\redis\src\commands\unlink.json,0,0,49
redis,JSON,.\clones\redis\src\commands\xdel.json,0,0,49
redis,JSON,.\clones\redis\src\commands\xsetid.json,0,0,49
redis,JSON,.\clones\redis\src\commands\zmscore.json,0,0,49
redis,Tcl/Tk,.\clones\redis\tests\cluster\tests\06-slave-stop-cond.tcl,14,14,49
redis,Tcl/Tk,.\clones\redis\tests\cluster\tests\12.1-replica-migration-3.tcl,10,6,49
redis,C/C++ Header,.\clones\redis\deps\jemalloc\include\jemalloc\internal\tsd_tls.h,9,3,48
redis,C,.\clones\redis\deps\jemalloc\test\unit\mtx.c,9,0,48
redis,JSON,.\clones\redis\src\commands\del.json,0,0,48
redis,JSON,.\clones\redis\src\commands\geohash.json,0,0,48
redis,JSON,.\clones\redis\src\commands\geopos.json,0,0,48
redis,JSON,.\clones\redis\src\commands\getbit.json,0,0,48
redis,JSON,.\clones\redis\src\commands\hget.json,0,0,48
redis,JSON,.\clones\redis\src\commands\mget.json,0,0,48
redis,JSON,.\clones\redis\src\commands\touch.json,0,0,48
redis,JSON,.\clones\redis\src\commands\xgroup-destroy.json,0,0,48
redis,JSON,.\clones\redis\src\commands\zrank.json,0,0,48
redis,JSON,.\clones\redis\src\commands\zrevrank.json,0,0,48
redis,JSON,.\clones\redis\src\commands\zscore.json,0,0,48
redis,Markdown,.\clones\redis\tests\README.md,15,0,48
redis,Tcl/Tk,.\clones\redis\tests\integration\logging.tcl,7,3,48
redis,Tcl/Tk,.\clones\redis\tests\sentinel\tests\helpers\check_leaked_fds.tcl,12,19,48
redis,C,.\clones\redis\deps\hiredis\examples\example-ae.c,12,3,47
redis,C/C++ Header,.\clones\redis\deps\lua\src\llex.h,20,14,47
redis,JSON,.\clones\redis\src\commands\hexists.json,0,0,47
redis,JSON,.\clones\redis\src\commands\hstrlen.json,0,0,47
redis,JSON,.\clones\redis\src\commands\lindex.json,0,0,47
redis,JSON,.\clones\redis\src\commands\script-flush.json,0,0,47
redis,JSON,.\clones\redis\src\commands\sdiff.json,0,0,47
redis,JSON,.\clones\redis\src\commands\sinter.json,0,0,47
redis,JSON,.\clones\redis\src\commands\sismember.json,0,0,47
redis,JSON,.\clones\redis\src\commands\sunion.json,0,0,47
redis,Tcl/Tk,.\clones\redis\tests\unit\querybuf.tcl,7,12,47
redis,C/C++ Header,.\clones\redis\deps\hiredis\alloc.h,18,32,46
redis,C,.\clones\redis\deps\hiredis\examples\example-ivykis.c,12,2,46
redis,C/C++ Header,.\clones\redis\deps\jemalloc\include\jemalloc\internal\assert.h,5,5,46
redis,Bourne Shell,.\clones\redis\runtest-moduleapi,4,0,46
redis,JSON,.\clones\redis\src\commands\decr.json,0,0,46
redis,JSON,.\clones\redis\src\commands\dump.json,0,0,46
redis,JSON,.\clones\redis\src\commands\hgetall.json,0,0,46
redis,JSON,.\clones\redis\src\commands\hkeys.json,0,0,46
redis,JSON,.\clones\redis\src\commands\hvals.json,0,0,46
redis,JSON,.\clones\redis\src\commands\incr.json,0,0,46
redis,JSON,.\clones\redis\src\commands\memory-usage.json,0,0,46
redis,JSON,.\clones\redis\src\commands\object-encoding.json,0,0,46
redis,JSON,.\clones\redis\src\commands\object-freq.json,0,0,46
redis,JSON,.\clones\redis\src\commands\object-idletime.json,0,0,46
redis,JSON,.\clones\redis\src\commands\pfcount.json,0,0,46
redis,JSON,.\clones\redis\src\commands\smembers.json,0,0,46
redis,JSON,.\clones\redis\src\commands\spublish.json,0,0,46
redis,C/C++ Header,.\clones\redis\src\script.h,10,54,46
redis,Tcl/Tk,.\clones\redis\tests\cluster\tests\11-manual-takeover.tcl,12,1,46
redis,C,.\clones\redis\deps\hiredis\examples\example-libuv.c,9,2,45
redis,C,.\clones\redis\deps\hiredis\examples\example-macosx.c,15,6,45
redis,C/C++ Header,.\clones\redis\deps\jemalloc\include\jemalloc\internal\arena_inlines_a.h,11,1,45
redis,C/C++ Header,.\clones\redis\deps\jemalloc\include\jemalloc\internal\seq.h,4,6,45
redis,C/C++ Header,.\clones\redis\deps\jemalloc\include\msvc_compat\strings.h,9,4,45
redis,C,.\clones\redis\deps\jemalloc\test\src\timer.c,8,3,45
redis,JSON,.\clones\redis\src\commands\getdel.json,0,0,45
redis,Tcl/Tk,.\clones\redis\tests\cluster\tests\13-no-failover-option.tcl,14,2,45
redis,Tcl/Tk,.\clones\redis\tests\unit\moduleapi\keyspecs.tcl,7,6,45
redis,Tcl/Tk,.\clones\redis\tests\unit\moduleapi\scan.tcl,10,1,45
redis,C,.\clones\redis\utils\tracking_collisions.c,7,24,45
redis,C,.\clones\redis\deps\hiredis\alloc.c,14,32,44
redis,C,.\clones\redis\deps\hiredis\examples\example-libev.c,8,2,44
redis,JSON,.\clones\redis\src\commands\config-set.json,0,0,44
redis,JSON,.\clones\redis\src\commands\expiretime.json,0,0,44
redis,JSON,.\clones\redis\src\commands\get.json,0,0,44
redis,JSON,.\clones\redis\src\commands\persist.json,0,0,44
redis,JSON,.\clones\redis\src\commands\pexpiretime.json,0,0,44
redis,JSON,.\clones\redis\src\commands\watch.json,0,0,44
redis,JSON,.\clones\redis\src\commands\xinfo-groups.json,0,0,44
redis,C,.\clones\redis\src\rand.c,7,42,44
redis,Tcl/Tk,.\clones\redis\tests\helpers\fake_redis_node.tcl,4,10,44
redis,Tcl/Tk,.\clones\redis\tests\unit\moduleapi\auth.tcl,17,13,44
redis,Tcl/Tk,.\clones\redis\tests\unit\moduleapi\subcommands.tcl,11,3,44
redis,JSON,.\clones\redis\src\commands\client-unblock.json,0,0,43
redis,JSON,.\clones\redis\src\commands\command-list.json,0,0,43
redis,JSON,.\clones\redis\src\commands\hlen.json,0,0,43
redis,JSON,.\clones\redis\src\commands\llen.json,0,0,43
redis,JSON,.\clones\redis\src\commands\object-refcount.json,0,0,43
redis,JSON,.\clones\redis\src\commands\scard.json,0,0,43
redis,JSON,.\clones\redis\src\commands\strlen.json,0,0,43
redis,JSON,.\clones\redis\src\commands\sunsubscribe.json,0,0,43
redis,JSON,.\clones\redis\src\commands\type.json,0,0,43
redis,JSON,.\clones\redis\src\commands\xlen.json,0,0,43
redis,JSON,.\clones\redis\src\commands\zcard.json,0,0,43
redis,make,.\clones\redis\src\modules\Makefile,23,3,43
redis,Tcl/Tk,.\clones\redis\tests\cluster\tests\21-many-slot-migration.tcl,15,6,43
redis,Tcl/Tk,.\clones\redis\tests\sentinel\tests\05-manual.tcl,6,1,43
redis,C/C++ Header,.\clones\redis\deps\hiredis\win32.h,14,0,42
redis,C/C++ Header,.\clones\redis\deps\jemalloc\include\jemalloc\internal\util.h,12,13,42
redis,C,.\clones\redis\deps\lua\src\lmem.c,19,25,42
redis,JSON,.\clones\redis\src\commands\client-reply.json,0,0,42
redis,JSON,.\clones\redis\src\commands\restore-asking.json,0,0,42
redis,JSON,.\clones\redis\src\commands\ssubscribe.json,0,0,42
redis,C,.\clones\redis\src\crc16.c,4,42,42
redis,Tcl/Tk,.\clones\redis\tests\integration\block-repl.tcl,6,3,42
redis,Bourne Shell,.\clones\redis\utils\gen-test-certs.sh,9,7,42
redis,C/C++ Header,.\clones\redis\deps\jemalloc\include\jemalloc\internal\atomic.h,15,30,41
redis,C/C++ Header,.\clones\redis\deps\jemalloc\test\include\test\SFMT-params11213.h,4,36,41
redis,C/C++ Header,.\clones\redis\deps\jemalloc\test\include\test\SFMT-params1279.h,4,36,41
redis,C/C++ Header,.\clones\redis\deps\jemalloc\test\include\test\SFMT-params132049.h,4,36,41
redis,C/C++ Header,.\clones\redis\deps\jemalloc\test\include\test\SFMT-params19937.h,4,36,41
redis,C/C++ Header,.\clones\redis\deps\jemalloc\test\include\test\SFMT-params216091.h,4,36,41
redis,C/C++ Header,.\clones\redis\deps\jemalloc\test\include\test\SFMT-params2281.h,4,36,41
redis,C/C++ Header,.\clones\redis\deps\jemalloc\test\include\test\SFMT-params4253.h,4,36,41
redis,C/C++ Header,.\clones\redis\deps\jemalloc\test\include\test\SFMT-params44497.h,4,36,41
redis,C/C++ Header,.\clones\redis\deps\jemalloc\test\include\test\SFMT-params607.h,4,36,41
redis,C/C++ Header,.\clones\redis\deps\jemalloc\test\include\test\SFMT-params86243.h,4,36,41
redis,C,.\clones\redis\deps\jemalloc\test\integration\overflow.c,10,8,41
redis,JSON,.\clones\redis\src\commands\function-flush.json,0,0,41
redis,JSON,.\clones\redis\src\commands\pfdebug.json,0,0,41
redis,C/C++ Header,.\clones\redis\deps\jemalloc\include\jemalloc\internal\ckh.h,20,41,40
redis,C/C++ Header,.\clones\redis\deps\jemalloc\test\include\test\SFMT-params.h,11,81,40
redis,JSON,.\clones\redis\src\commands\acl-setuser.json,0,0,40
redis,JSON,.\clones\redis\src\commands\auth.json,0,0,40
redis,JSON,.\clones\redis\src\commands\script-debug.json,0,0,40
redis,C/C++ Header,.\clones\redis\src\latency.h,12,42,40
redis,C/C++ Header,.\clones\redis\src\util.h,7,32,40
redis,Tcl/Tk,.\clones\redis\tests\unit\type\list-2.tcl,5,2,40
redis,YAML,.\clones\redis\deps\jemalloc\.appveyor.yml,3,0,39
redis,C/C++ Header,.\clones\redis\deps\jemalloc\include\jemalloc\internal\jemalloc_internal_externs.h,9,9,39
redis,C,.\clones\redis\deps\jemalloc\test\unit\prof_tctx.c,7,0,39
redis,Ruby,.\clones\redis\utils\redis-sha1.rb,3,10,39
redis,C/C++ Header,.\clones\redis\deps\hiredis\async_private.h,7,30,38
redis,CMake,.\clones\redis\deps\hiredis\examples\CMakeLists.txt,9,2,38
redis,JSON,.\clones\redis\src\commands\client-no-evict.json,0,0,38
redis,JSON,.\clones\redis\src\commands\cluster-failover.json,0,0,38
redis,JSON,.\clones\redis\src\commands\cluster-reset.json,0,0,38
redis,Tcl/Tk,.\clones\redis\tests\helpers\bg_block_op.tcl,8,9,38
redis,Tcl/Tk,.\clones\redis\tests\sentinel\tests\03-runtime-reconf.tcl,16,6,38
redis,C/C++ Header,.\clones\redis\src\anet.h,9,31,37
redis,JSON,.\clones\redis\src\commands\client-caching.json,0,0,37
redis,Tcl/Tk,.\clones\redis\tests\sentinel\tests\09-acl-support.tcl,11,1,37
redis,Tcl/Tk,.\clones\redis\tests\unit\moduleapi\fork.tcl,7,1,37
redis,Tcl/Tk,.\clones\redis\tests\unit\moduleapi\getkeys.tcl,11,0,37
redis,C/C++ Header,.\clones\redis\deps\lua\src\lzio.h,25,6,36
redis,JSON,.\clones\redis\src\commands\acl-log.json,0,0,36
redis,JSON,.\clones\redis\src\commands\cluster-addslotsrange.json,0,0,36
redis,JSON,.\clones\redis\src\commands\cluster-delslotsrange.json,0,0,36
redis,JSON,.\clones\redis\src\commands\config-get.json,0,0,36
redis,C/C++ Header,.\clones\redis\src\endianconv.h,7,35,36
redis,C/C++ Header,.\clones\redis\src\ziplist.h,6,32,36
redis,Bourne Shell,.\clones\redis\utils\redis_init_script,4,10,36
redis,JSON,.\clones\redis\src\commands\acl-dryrun.json,0,0,35
redis,Tcl/Tk,.\clones\redis\tests\cluster\tests\18-info.tcl,7,3,35
redis,Tcl/Tk,.\clones\redis\tests\cluster\tests\19-cluster-nodes-slots.tcl,11,4,35
redis,Tcl/Tk,.\clones\redis\tests\unit\moduleapi\basics.tcl,6,0,35
redis,C/C++ Header,.\clones\redis\deps\jemalloc\include\jemalloc\internal\background_thread_structs.h,7,13,34
redis,C/C++ Header,.\clones\redis\deps\jemalloc\include\jemalloc\internal\jemalloc_internal_includes.h,10,50,34
redis,JSON,.\clones\redis\src\commands\acl-getuser.json,0,0,34
redis,Tcl/Tk,.\clones\redis\tests\unit\moduleapi\defrag.tcl,9,3,34
redis,Tcl/Tk,.\clones\redis\tests\unit\quit.tcl,6,0,34
redis,Tcl/Tk,.\clones\redis\utils\cluster_fail_time.tcl,10,6,34
redis,C,.\clones\redis\utils\corrupt_rdb.c,6,5,34
redis,C/C++ Header,.\clones\redis\deps\jemalloc\include\jemalloc\internal\spin.h,7,0,33
redis,C/C++ Header,.\clones\redis\deps\jemalloc\include\jemalloc\internal\tcache_externs.h,7,13,33
redis,C,.\clones\redis\deps\jemalloc\src\extent_mmap.c,6,3,33
redis,HTML,.\clones\redis\deps\lua\doc\readme.html,7,0,33
redis,make,.\clones\redis\deps\lua\etc\Makefile,9,2,33
redis,JSON,.\clones\redis\src\commands\slowlog-get.json,0,0,33
redis,C,.\clones\redis\src\modules\hellotimer.c,8,35,33
redis,Markdown,.\clones\redis\SECURITY.md,11,0,32
redis,C/C++ Header,.\clones\redis\deps\lua\src\ldo.h,18,7,32
redis,C/C++ Header,.\clones\redis\deps\lua\src\ltm.h,13,9,32
redis,Lua,.\clones\redis\deps\lua\test\fib.lua,4,4,32
redis,JSON,.\clones\redis\src\commands\command-info.json,0,0,32
redis,Bourne Shell,.\clones\redis\deps\jemalloc\include\jemalloc\jemalloc_mangle.sh,7,7,31
redis,C,.\clones\redis\deps\jemalloc\test\unit\prof_idump.c,11,0,31
redis,C,.\clones\redis\deps\jemalloc\test\unit\test_hooks.c,7,0,31
redis,C/C++ Header,.\clones\redis\deps\linenoise\linenoise.h,7,37,31
redis,C,.\clones\redis\deps\lua\etc\all.c,4,3,31
redis,C,.\clones\redis\deps\lua\etc\noparser.c,6,13,31
redis,JSON,.\clones\redis\src\commands\function-list.json,0,0,31
redis,Tcl/Tk,.\clones\redis\tests\cluster\tests\includes\utils.tcl,3,2,31
redis,Tcl/Tk,.\clones\redis\tests\sentinel\tests\01-conf-update.tcl,6,2,31
redis,Tcl/Tk,.\clones\redis\tests\sentinel\tests\06-ckquorum.tcl,8,3,31
redis,C++,.\clones\redis\deps\hiredis\examples\example-qt.cpp,16,0,30
redis,C,.\clones\redis\deps\jemalloc\test\src\thd.c,4,0,30
redis,C,.\clones\redis\deps\jemalloc\test\unit\sc.c,3,0,30
redis,C,.\clones\redis\deps\jemalloc\test\unit\slab.c,3,0,30
redis,C,.\clones\redis\deps\lua\etc\min.c,4,5,30
redis,Lua,.\clones\redis\deps\lua\test\trace-globals.lua,5,3,30
redis,C/C++ Header,.\clones\redis\src\cli_common.h,12,9,30
redis,JSON,.\clones\redis\src\commands\bgsave.json,0,0,30
redis,JSON,.\clones\redis\src\commands\info.json,0,0,30
redis,JSON,.\clones\redis\src\commands\psubscribe.json,0,0,30
redis,JSON,.\clones\redis\src\commands\subscribe.json,0,0,30
redis,JSON,.\clones\redis\src\commands\wait.json,0,0,30
redis,Tcl/Tk,.\clones\redis\tests\cluster\tests\09-pubsub.tcl,7,3,30
redis,Tcl/Tk,.\clones\redis\tests\integration\convert-zipmap-hash-on-load.tcl,8,1,30
redis,C/C++ Header,.\clones\redis\deps\lua\src\lmem.h,15,5,29
redis,JSON,.\clones\redis\src\commands\cluster-meet.json,0,0,29
redis,JSON,.\clones\redis\src\commands\module-load.json,0,0,29
redis,JSON,.\clones\redis\src\commands\monitor.json,0,0,29
redis,Tcl/Tk,.\clones\redis\tests\support\benchmark.tcl,4,0,29
redis,Ruby,.\clones\redis\utils\srandmember\showdist.rb,3,1,29
redis,C/C++ Header,.\clones\redis\deps\jemalloc\include\jemalloc\internal\background_thread_externs.h,4,0,28
redis,C/C++ Header,.\clones\redis\deps\jemalloc\include\jemalloc\internal\tcache_structs.h,10,32,28
redis,JSON,.\clones\redis\src\commands\function-delete.json,0,0,28
redis,JSON,.\clones\redis\src\commands\ping.json,0,0,28
redis,JSON,.\clones\redis\src\commands\publish.json,0,0,28
redis,JSON,.\clones\redis\src\commands\script-exists.json,0,0,28
redis,JSON,.\clones\redis\src\commands\script-load.json,0,0,28
redis,JSON,.\clones\redis\src\commands\swapdb.json,0,0,28
redis,C/C++ Header,.\clones\redis\src\geohash_helper.h,7,30,28
redis,C/C++ Header,.\clones\redis\src\resp_parser.h,22,44,28
redis,C/C++ Header,.\clones\redis\deps\hiredis\hiredis_ssl.h,19,81,27
redis,C/C++ Header,.\clones\redis\deps\jemalloc\include\jemalloc\internal\arena_types.h,12,12,27
redis,C/C++ Header,.\clones\redis\deps\jemalloc\include\jemalloc\internal\nstime.h,6,1,27
redis,C/C++ Header,.\clones\redis\deps\jemalloc\test\include\test\btalloc.h,2,1,27
redis,Lua,.\clones\redis\deps\lua\etc\strict.lua,7,7,27
redis,JSON,.\clones\redis\src\commands\cluster-getkeysinslot.json,0,0,27
redis,JSON,.\clones\redis\src\commands\cluster-slots.json,0,0,27
redis,JSON,.\clones\redis\src\commands\keys.json,0,0,27
redis,JSON,.\clones\redis\src\commands\replicaof.json,0,0,27
redis,Tcl/Tk,.\clones\redis\tests\sentinel\run.tcl,5,3,27
redis,Tcl/Tk,.\clones\redis\tests\support\cli.tcl,5,4,27
redis,YAML,.\clones\redis\.github\workflows\codeql-analysis.yml,7,1,26
redis,C/C++ Header,.\clones\redis\deps\hdr_histogram\hdr_alloc.h,10,11,26
redis,Bourne Shell,.\clones\redis\deps\jemalloc\include\jemalloc\internal\private_symbols.sh,7,18,26
redis,XML,.\clones\redis\deps\jemalloc\msvc\projects\vc2017\test_threads\test_threads.vcxproj.filters,0,0,26
redis,C,.\clones\redis\deps\jemalloc\test\unit\div.c,3,0,26
redis,DOS Batch,.\clones\redis\deps\lua\etc\luavs.bat,2,0,26
redis,Lua,.\clones\redis\deps\lua\test\trace-calls.lua,3,3,26
redis,JSON,.\clones\redis\src\commands\cluster-addslots.json,0,0,26
redis,JSON,.\clones\redis\src\commands\cluster-delslots.json,0,0,26
redis,JSON,.\clones\redis\src\commands\cluster-slaves.json,0,0,26
redis,JSON,.\clones\redis\src\commands\command-docs.json,0,0,26
redis,JSON,.\clones\redis\src\commands\slaveof.json,0,0,26
redis,Tcl/Tk,.\clones\redis\tests\cluster\tests\01-faildet.tcl,9,3,26
redis,C/C++ Header,.\clones\redis\deps\jemalloc\include\jemalloc\internal\base_structs.h,13,21,25
redis,C/C++ Header,.\clones\redis\deps\jemalloc\include\jemalloc\internal\large_externs.h,7,0,25
redis,C/C++ Header,.\clones\redis\deps\jemalloc\include\jemalloc\internal\prof_types.h,10,21,25
redis,C/C++ Header,.\clones\redis\deps\lua\src\lualib.h,21,7,25
redis,JSON,.\clones\redis\src\commands\acl-deluser.json,0,0,25
redis,JSON,.\clones\redis\src\commands\client-setname.json,0,0,25
redis,JSON,.\clones\redis\src\commands\cluster-forget.json,0,0,25
redis,JSON,.\clones\redis\src\commands\cluster-replicate.json,0,0,25
redis,JSON,.\clones\redis\src\commands\cluster-set-config-epoch.json,0,0,25
redis,JSON,.\clones\redis\src\commands\latency-histogram.json,0,0,25
redis,JSON,.\clones\redis\src\commands\latency-reset.json,0,0,25
redis,JSON,.\clones\redis\src\commands\psync.json,0,0,25
redis,JSON,.\clones\redis\src\commands\punsubscribe.json,0,0,25
redis,JSON,.\clones\redis\src\commands\unsubscribe.json,0,0,25
redis,C/C++ Header,.\clones\redis\src\crcspeed.h,7,28,25
redis,Tcl/Tk,.\clones\redis\tests\unit\moduleapi\test_lazyfree.tcl,6,1,25
redis,Tcl/Tk,.\clones\redis\tests\unit\pendingquerybuf.tcl,3,0,25
redis,Ruby,.\clones\redis\utils\redis-copy.rb,3,7,25
redis,Bourne Shell,.\clones\redis\utils\releasetools\03_test_release.sh,3,0,25
redis,C,.\clones\redis\deps\jemalloc\test\unit\pages.c,5,0,24
redis,C,.\clones\redis\deps\lua\src\linit.c,9,5,24
redis,C/C++ Header,.\clones\redis\deps\lua\src\ltable.h,11,5,24
redis,JSON,.\clones\redis\src\commands\acl-cat.json,0,0,24
redis,JSON,.\clones\redis\src\commands\acl-genpass.json,0,0,24
redis,JSON,.\clones\redis\src\commands\cluster-count-failure-reports.json,0,0,24
redis,JSON,.\clones\redis\src\commands\cluster-replicas.json,0,0,24
redis,JSON,.\clones\redis\src\commands\pubsub-numsub.json,0,0,24
redis,JSON,.\clones\redis\src\commands\select.json,0,0,24
redis,C/C++ Header,.\clones\redis\src\fmacros.h,9,33,24
redis,C,.\clones\redis\src\release.c,8,34,24
redis,C/C++ Header,.\clones\redis\src\script_lua.h,7,45,24
redis,Tcl/Tk,.\clones\redis\tests\cluster\run.tcl,4,3,24
redis,Tcl/Tk,.\clones\redis\utils\releasetools\changelog.tcl,8,3,24
redis,C/C++ Header,.\clones\redis\deps\jemalloc\include\jemalloc\internal\stats.h,5,3,23
redis,C/C++ Header,.\clones\redis\src\call_reply.h,5,28,23
redis,JSON,.\clones\redis\src\commands\cluster-countkeysinslot.json,0,0,23
redis,JSON,.\clones\redis\src\commands\cluster-keyslot.json,0,0,23
redis,JSON,.\clones\redis\src\commands\latency-graph.json,0,0,23
redis,JSON,.\clones\redis\src\commands\latency-history.json,0,0,23
redis,JSON,.\clones\redis\src\commands\module-unload.json,0,0,23
redis,JSON,.\clones\redis\src\commands\pubsub-channels.json,0,0,23
redis,JSON,.\clones\redis\src\commands\pubsub-shardchannels.json,0,0,23
redis,C/C++ Header,.\clones\redis\src\connhelpers.h,10,55,23
redis,C,.\clones\redis\tests\modules\zset.c,2,5,23
redis,C/C++ Header,.\clones\redis\deps\hiredis\examples\example-qt.h,10,0,22
redis,Lua,.\clones\redis\deps\lua\test\factorial.lua,6,4,22
redis,Lua,.\clones\redis\deps\lua\test\sieve.lua,3,4,22
redis,JSON,.\clones\redis\src\commands\client-info.json,0,0,22
redis,JSON,.\clones\redis\src\commands\echo.json,0,0,22
redis,JSON,.\clones\redis\src\commands\function-kill.json,0,0,22
redis,JSON,.\clones\redis\src\commands\function-stats.json,0,0,22
redis,JSON,.\clones\redis\src\commands\lastsave.json,0,0,22
redis,JSON,.\clones\redis\src\commands\script-kill.json,0,0,22
redis,Tcl/Tk,.\clones\redis\tests\unit\moduleapi\eventloop.tcl,6,0,22
redis,Bourne Shell,.\clones\redis\utils\releasetools\02_upload_tarball.sh,1,0,22
redis,YAML,.\clones\redis\.github\workflows\spell-check.yml,6,5,21
redis,C,.\clones\redis\deps\hdr_histogram\hdr_alloc.c,6,7,21
redis,C/C++ Header,.\clones\redis\deps\jemalloc\include\jemalloc\internal\div.h,6,14,21
redis,C/C++ Header,.\clones\redis\deps\jemalloc\include\jemalloc\internal\safety_check.h,4,1,21
redis,CSS,.\clones\redis\deps\lua\doc\manual.css,3,0,21
redis,C/C++ Header,.\clones\redis\deps\lua\src\lvm.h,10,5,21
redis,JSON,.\clones\redis\src\commands\command.json,0,0,21
redis,JSON,.\clones\redis\src\commands\dbsize.json,0,0,21
redis,JSON,.\clones\redis\src\commands\lolwut.json,0,0,21
redis,JSON,.\clones\redis\src\commands\quit.json,0,0,21
redis,JSON,.\clones\redis\src\commands\reset.json,0,0,21
redis,JSON,.\clones\redis\src\commands\role.json,0,0,21
redis,JSON,.\clones\redis\src\commands\slowlog-len.json,0,0,21
redis,C/C++ Header,.\clones\redis\src\intset.h,5,29,21
redis,C/C++ Header,.\clones\redis\src\sparkline.h,6,29,21
redis,Tcl/Tk,.\clones\redis\tests\integration\aof-race.tcl,7,7,21
redis,Tcl/Tk,.\clones\redis\tests\integration\convert-ziplist-hash-on-load.tcl,6,1,21
redis,Tcl/Tk,.\clones\redis\tests\integration\convert-ziplist-zset-on-load.tcl,6,1,21
redis,Tcl/Tk,.\clones\redis\tests\unit\limits.tcl,0,0,21
redis,Ruby,.\clones\redis\utils\hyperloglog\hll-err.rb,2,4,21
redis,C/C++ Header,.\clones\redis\deps\jemalloc\include\jemalloc\internal\extent_dss.h,6,0,20
redis,C/C++ Header,.\clones\redis\deps\jemalloc\include\jemalloc\internal\tcache_types.h,13,26,20
redis,C++,.\clones\redis\deps\jemalloc\test\integration\cpp\basic.cpp,3,2,20
redis,C,.\clones\redis\deps\jemalloc\test\src\mq.c,3,4,20
redis,JSON,.\clones\redis\src\commands\client-unpause.json,0,0,20
redis,JSON,.\clones\redis\src\commands\debug.json,0,0,20
redis,JSON,.\clones\redis\src\commands\discard.json,0,0,20
redis,JSON,.\clones\redis\src\commands\multi.json,0,0,20
redis,JSON,.\clones\redis\src\commands\randomkey.json,0,0,20
redis,JSON,.\clones\redis\src\commands\slowlog-reset.json,0,0,20
redis,JSON,.\clones\redis\src\commands\unwatch.json,0,0,20
redis,Tcl/Tk,.\clones\redis\tests\unit\moduleapi\hash.tcl,3,4,20
redis,Ruby,.\clones\redis\utils\srandmember\showfreq.rb,2,1,20
redis,make,.\clones\redis\deps\hdr_histogram\Makefile,10,0,19
redis,YAML,.\clones\redis\deps\jemalloc\.cirrus.yml,1,1,19
redis,C/C++ Header,.\clones\redis\deps\jemalloc\include\jemalloc\internal\base_externs.h,3,0,19
redis,C/C++ Header,.\clones\redis\deps\jemalloc\include\jemalloc\internal\rtree_tsd.h,8,23,19
redis,C,.\clones\redis\deps\jemalloc\src\safety_check.c,5,0,19
redis,C/C++ Header,.\clones\redis\deps\lua\src\lfunc.h,10,5,19
redis,JSON,.\clones\redis\src\commands\client-getname.json,0,0,19
redis,JSON,.\clones\redis\src\commands\client-getredir.json,0,0,19
redis,JSON,.\clones\redis\src\commands\client-id.json,0,0,19
redis,JSON,.\clones\redis\src\commands\client-trackinginfo.json,0,0,19
redis,JSON,.\clones\redis\src\commands\cluster-bumpepoch.json,0,0,19
redis,JSON,.\clones\redis\src\commands\cluster-flushslots.json,0,0,19
redis,JSON,.\clones\redis\src\commands\cluster-saveconfig.json,0,0,19
redis,JSON,.\clones\redis\src\commands\exec.json,0,0,19
redis,JSON,.\clones\redis\src\commands\pfselftest.json,0,0,19
redis,JSON,.\clones\redis\src\commands\replconf.json,0,0,19
redis,C/C++ Header,.\clones\redis\src\solarisfixes.h,6,29,19
redis,C/C++ Header,.\clones\redis\src\testhelp.h,5,37,19
redis,Tcl/Tk,.\clones\redis\tests\sentinel\tests\11-port-0.tcl,8,6,19
redis,C/C++ Header,.\clones\redis\deps\jemalloc\include\jemalloc\internal\bin_stats.h,12,24,18
redis,C/C++ Header,.\clones\redis\deps\lua\src\ldebug.h,10,5,18
redis,Lua,.\clones\redis\deps\lua\test\bisect.lua,5,4,18
redis,C/C++ Header,.\clones\redis\src\asciilogo.h,1,28,18
redis,JSON,.\clones\redis\src\commands\acl-list.json,0,0,18
redis,JSON,.\clones\redis\src\commands\acl-load.json,0,0,18
redis,JSON,.\clones\redis\src\commands\acl-save.json,0,0,18
redis,JSON,.\clones\redis\src\commands\acl-users.json,0,0,18
redis,JSON,.\clones\redis\src\commands\client-help.json,0,0,18
redis,JSON,.\clones\redis\src\commands\command-count.json,0,0,18
redis,JSON,.\clones\redis\src\commands\command-getkeys.json,0,0,18
redis,JSON,.\clones\redis\src\commands\command-help.json,0,0,18
redis,JSON,.\clones\redis\src\commands\function-help.json,0,0,18
redis,JSON,.\clones\redis\src\commands\object-help.json,0,0,18
redis,JSON,.\clones\redis\src\commands\readonly.json,0,0,18
redis,JSON,.\clones\redis\src\commands\readwrite.json,0,0,18
redis,JSON,.\clones\redis\src\commands\script-help.json,0,0,18
redis,JSON,.\clones\redis\src\commands\time.json,0,0,18
redis,JSON,.\clones\redis\src\commands\xgroup-help.json,0,0,18
redis,JSON,.\clones\redis\src\commands\xinfo-help.json,0,0,18
redis,C/C++ Header,.\clones\redis\src\monotonic.h,10,24,18
redis,Tcl/Tk,.\clones\redis\tests\sentinel\tests\includes\start-init-tests.tcl,0,0,18
redis,YAML,.\clones\redis\deps\hiredis\appveyor.yml,4,3,17
redis,C/C++ Header,.\clones\redis\deps\hiredis\net.h,6,33,17
redis,C,.\clones\redis\deps\jemalloc\src\div.c,6,32,17
redis,JSON,.\clones\redis\src\commands\acl-whoami.json,0,0,17
redis,JSON,.\clones\redis\src\commands\cluster-info.json,0,0,17
redis,JSON,.\clones\redis\src\commands\cluster-links.json,0,0,17
redis,JSON,.\clones\redis\src\commands\cluster-myid.json,0,0,17
redis,JSON,.\clones\redis\src\commands\cluster-nodes.json,0,0,17
redis,JSON,.\clones\redis\src\commands\config-resetstat.json,0,0,17
redis,JSON,.\clones\redis\src\commands\config-rewrite.json,0,0,17
redis,JSON,.\clones\redis\src\commands\function-dump.json,0,0,17
redis,JSON,.\clones\redis\src\commands\latency-doctor.json,0,0,17
redis,JSON,.\clones\redis\src\commands\latency-latest.json,0,0,17
redis,JSON,.\clones\redis\src\commands\sentinel-help.json,0,0,17
redis,C/C++ Header,.\clones\redis\src\sha256.h,7,11,17
redis,C/C++ Header,.\clones\redis\src\zipmap.h,4,33,17
redis,Bourne Shell,.\clones\redis\deps\jemalloc\include\jemalloc\jemalloc_rename.sh,4,2,16
redis,JSON,.\clones\redis\src\commands\acl-help.json,0,0,16
redis,JSON,.\clones\redis\src\commands\asking.json,0,0,16
redis,JSON,.\clones\redis\src\commands\pubsub-numpat.json,0,0,16
redis,JSON,.\clones\redis\src\commands\pubsub-shardnumsub.json,0,0,16
redis,JSON,.\clones\redis\src\commands\save.json,0,0,16
redis,JSON,.\clones\redis\src\commands\sentinel-config.json,0,0,16
redis,JSON,.\clones\redis\src\commands\sentinel-flushconfig.json,0,0,16
redis,JSON,.\clones\redis\src\commands\sentinel-get-master-addr-by-name.json,0,0,16
redis,JSON,.\clones\redis\src\commands\sentinel-info-cache.json,0,0,16
redis,JSON,.\clones\redis\src\commands\sentinel-is-master-down-by-addr.json,0,0,16
redis,JSON,.\clones\redis\src\commands\sentinel-master.json,0,0,16
redis,JSON,.\clones\redis\src\commands\sentinel-masters.json,0,0,16
redis,JSON,.\clones\redis\src\commands\sentinel-monitor.json,0,0,16
redis,JSON,.\clones\redis\src\commands\sentinel-myid.json,0,0,16
redis,JSON,.\clones\redis\src\commands\sentinel-remove.json,0,0,16
redis,JSON,.\clones\redis\src\commands\sentinel-replicas.json,0,0,16
redis,JSON,.\clones\redis\src\commands\sentinel-reset.json,0,0,16
redis,JSON,.\clones\redis\src\commands\sentinel-sentinels.json,0,0,16
redis,JSON,.\clones\redis\src\commands\sentinel-set.json,0,0,16
redis,C/C++ Header,.\clones\redis\src\geo.h,4,2,16
redis,C/C++ Header,.\clones\redis\src\slowlog.h,5,30,16
redis,Tcl/Tk,.\clones\redis\tests\unit\moduleapi\zset.tcl,3,1,16
redis,Markdown,.\clones\redis\.github\ISSUE_TEMPLATE\bug_report.md,9,0,15
redis,Markdown,.\clones\redis\.github\ISSUE_TEMPLATE\feature_request.md,9,0,15
redis,Markdown,.\clones\redis\.github\ISSUE_TEMPLATE\question.md,6,0,15
redis,Bourne Shell,.\clones\redis\deps\jemalloc\autogen.sh,2,0,15
redis,Bourne Shell,.\clones\redis\deps\jemalloc\include\jemalloc\jemalloc.sh,5,7,15
redis,C,.\clones\redis\deps\jemalloc\src\mutex_pool.c,3,0,15
redis,make,.\clones\redis\deps\linenoise\Makefile,6,0,15
redis,C/C++ Header,.\clones\redis\deps\lua\src\lstring.h,11,5,15
redis,C/C++ Header,.\clones\redis\src\bio.h,5,30,15
redis,JSON,.\clones\redis\src\commands\bgrewriteaof.json,0,0,15
redis,JSON,.\clones\redis\src\commands\cluster-help.json,0,0,15
redis,JSON,.\clones\redis\src\commands\config-help.json,0,0,15
redis,JSON,.\clones\redis\src\commands\latency-help.json,0,0,15
redis,JSON,.\clones\redis\src\commands\memory-help.json,0,0,15
redis,JSON,.\clones\redis\src\commands\module-help.json,0,0,15
redis,JSON,.\clones\redis\src\commands\module-list.json,0,0,15
redis,JSON,.\clones\redis\src\commands\pubsub-help.json,0,0,15
redis,JSON,.\clones\redis\src\commands\sentinel-ckquorum.json,0,0,15
redis,JSON,.\clones\redis\src\commands\sentinel-failover.json,0,0,15
redis,JSON,.\clones\redis\src\commands\sentinel-pending-scripts.json,0,0,15
redis,JSON,.\clones\redis\src\commands\sentinel-simulate-failure.json,0,0,15
redis,JSON,.\clones\redis\src\commands\slowlog-help.json,0,0,15
redis,JSON,.\clones\redis\src\commands\sync.json,0,0,15
redis,C/C++ Header,.\clones\redis\src\sha1.h,3,6,15
redis,Tcl/Tk,.\clones\redis\tests\helpers\gen_write_load.tcl,3,0,15
redis,Tcl/Tk,.\clones\redis\utils\build-static-symbols.tcl,2,5,15
redis,Markdown,.\clones\redis\.github\ISSUE_TEMPLATE\crash_report.md,6,0,14
redis,C/C++ Header,.\clones\redis\deps\jemalloc\include\jemalloc\internal\base_types.h,6,13,14
redis,C/C++ Header,.\clones\redis\deps\jemalloc\include\jemalloc\internal\test_hooks.h,4,1,14
redis,C,.\clones\redis\deps\jemalloc\test\integration\malloc.c,2,0,14
redis,C,.\clones\redis\deps\jemalloc\test\unit\spin.c,4,0,14
redis,C/C++ Header,.\clones\redis\deps\lua\src\lundump.h,10,12,14
redis,JSON,.\clones\redis\src\commands\memory-doctor.json,0,0,14
redis,JSON,.\clones\redis\src\commands\memory-malloc-stats.json,0,0,14
redis,JSON,.\clones\redis\src\commands\memory-stats.json,0,0,14
redis,JSON,.\clones\redis\src\commands\sentinel-debug.json,0,0,14
redis,JSON,.\clones\redis\src\commands\sentinel.json,0,0,14
redis,C/C++ Header,.\clones\redis\src\lolwut.h,6,35,14
redis,Bourne Shell,.\clones\redis\src\mkreleasehdr.sh,0,0,14
redis,C,.\clones\redis\src\redisassert.c,4,35,14
redis,C/C++ Header,.\clones\redis\src\sdsalloc.h,4,36,14
redis,Tcl/Tk,.\clones\redis\tests\unit\moduleapi\infra.tcl,8,0,14
redis,Bourne Shell,.\clones\redis\utils\whatisdoing.sh,2,8,14
redis,C/C++ Header,.\clones\redis\deps\jemalloc\include\jemalloc\internal\extent_types.h,6,4,13
redis,C/C++ Header,.\clones\redis\deps\jemalloc\test\include\test\mtx.h,2,6,13
redis,C,.\clones\redis\deps\jemalloc\test\unit\a0.c,3,0,13
redis,Lua,.\clones\redis\deps\lua\test\cf.lua,2,1,13
redis,Bourne Shell,.\clones\redis\utils\releasetools\01_create_tarball.sh,1,0,13
redis,Bourne Shell,.\clones\redis\runtest,2,0,12
redis,Bourne Shell,.\clones\redis\runtest-cluster,2,0,12
redis,Bourne Shell,.\clones\redis\runtest-sentinel,2,0,12
redis,JSON,.\clones\redis\src\commands\acl.json,0,0,12
redis,JSON,.\clones\redis\src\commands\client.json,0,0,12
redis,C/C++ Header,.\clones\redis\src\mt19937-64.h,21,54,12
redis,Markdown,.\clones\redis\utils\graphs\commits-over-time\README.md,4,0,12
redis,Bourne Shell,.\clones\redis\utils\releasetools\04_release_hash.sh,1,0,12
redis,C/C++ Header,.\clones\redis\deps\jemalloc\include\jemalloc\internal\base_inlines.h,2,0,11
redis,C/C++ Header,.\clones\redis\deps\jemalloc\include\jemalloc\internal\bin_types.h,5,1,11
redis,C/C++ Header,.\clones\redis\deps\jemalloc\include\msvc_compat\C99\stdbool.h,5,4,11
redis,Lua,.\clones\redis\deps\lua\test\xd.lua,1,2,11
redis,JSON,.\clones\redis\src\commands\memory-purge.json,0,0,11
redis,Tcl/Tk,.\clones\redis\tests\support\tmpfile.tcl,2,2,11
redis,Markdown,.\clones\redis\utils\srandmember\README.md,3,0,11
redis,YAML,.\clones\redis\.github\dependabot.yml,1,4,10
redis,XSLT,.\clones\redis\deps\jemalloc\doc\stylesheet.xsl,0,0,10
redis,C/C++ Header,.\clones\redis\deps\lua\src\fpconv.h,4,8,10
redis,Lua,.\clones\redis\deps\lua\test\fibfor.lua,2,1,10
redis,C/C++ Header,.\clones\redis\src\lzf.h,7,83,10
redis,Tcl/Tk,.\clones\redis\tests\cluster\tests\helpers\onlydots.tcl,2,4,10
redis,Tcl/Tk,.\clones\redis\tests\helpers\bg_complex_data.tcl,3,0,10
redis,C++,.\clones\redis\deps\jemalloc\msvc\test_threads\test_threads_main.cpp,2,0,9
redis,Lua,.\clones\redis\deps\lua\test\globals.lua,1,3,9
redis,Lua,.\clones\redis\deps\lua\test\table.lua,1,2,9
redis,JSON,.\clones\redis\src\commands\cluster.json,0,0,9
redis,JSON,.\clones\redis\src\commands\config.json,0,0,9
redis,JSON,.\clones\redis\src\commands\function.json,0,0,9
redis,JSON,.\clones\redis\src\commands\latency.json,0,0,9
redis,JSON,.\clones\redis\src\commands\memory.json,0,0,9
redis,JSON,.\clones\redis\src\commands\module.json,0,0,9
redis,JSON,.\clones\redis\src\commands\object.json,0,0,9
redis,JSON,.\clones\redis\src\commands\pubsub.json,0,0,9
redis,JSON,.\clones\redis\src\commands\script.json,0,0,9
redis,JSON,.\clones\redis\src\commands\slowlog.json,0,0,9
redis,JSON,.\clones\redis\src\commands\xgroup.json,0,0,9
redis,JSON,.\clones\redis\src\commands\xinfo.json,0,0,9
redis,C/C++ Header,.\clones\redis\src\crc64.h,4,0,9
redis,C/C++ Header,.\clones\redis\src\debugmacro.h,1,31,9
redis,C/C++ Header,.\clones\redis\deps\hiredis\fmacros.h,3,1,8
redis,CMake,.\clones\redis\deps\hiredis\hiredis-config.cmake.in,5,0,8
redis,CMake,.\clones\redis\deps\hiredis\hiredis_ssl-config.cmake.in,5,0,8
redis,C/C++ Header,.\clones\redis\deps\jemalloc\test\include\test\timer.h,2,1,8
redis,Lua,.\clones\redis\deps\lua\test\readonly.lua,2,2,8
redis,C/C++ Header,.\clones\redis\src\listpack_malloc.h,2,36,8
redis,C/C++ Header,.\clones\redis\src\redisassert.h,5,36,8
redis,Markdown,.\clones\redis\.github\ISSUE_TEMPLATE\other_stuff.md,1,0,7
redis,C/C++ Header,.\clones\redis\deps\jemalloc\include\jemalloc\internal\arena_structs_a.h,3,1,7
redis,C/C++ Header,.\clones\redis\deps\jemalloc\include\jemalloc\internal\extent_mmap.h,3,0,7
redis,C/C++ Header,.\clones\redis\deps\jemalloc\include\jemalloc\internal\tsd_types.h,3,0,7
redis,C/C++ Header,.\clones\redis\deps\jemalloc\test\include\test\thd.h,1,1,7
redis,C/C++ Header,.\clones\redis\src\rax_malloc.h,2,35,7
redis,make,.\clones\redis\Makefile,4,1,6
redis,Markdown,.\clones\redis\deps\hdr_histogram\README.md,4,0,6
redis,C/C++ Header,.\clones\redis\src\pqsort.h,3,31,6
redis,C/C++ Header,.\clones\redis\src\rand.h,4,28,6
redis,Tcl/Tk,.\clones\redis\tests\unit\printver.tcl,0,0,6
redis,Bourne Shell,.\clones\redis\deps\jemalloc\include\jemalloc\internal\public_namespace.sh,1,0,5
redis,Bourne Shell,.\clones\redis\deps\jemalloc\include\jemalloc\internal\public_unnamespace.sh,1,0,5
redis,C,.\clones\redis\deps\jemalloc\src\test_hooks.c,2,5,5
redis,C,.\clones\redis\deps\jemalloc\test\src\btalloc.c,1,0,5
redis,Bourne Shell,.\clones\redis\deps\jemalloc\test\unit\prof_idump.sh,3,0,5
redis,C/C++ Header,.\clones\redis\deps\lua\etc\lua.hpp,1,3,5
redis,C/C++ Header,.\clones\redis\deps\lua\src\lapi.h,6,5,5
redis,C/C++ Header,.\clones\redis\deps\hiredis\sdsalloc.h,3,37,4
redis,Bourne Shell,.\clones\redis\deps\jemalloc\include\jemalloc\internal\private_namespace.sh,1,0,4
redis,C/C++ Header,.\clones\redis\deps\jemalloc\include\msvc_compat\windows_extra.h,2,0,4
redis,Bourne Shell,.\clones\redis\deps\jemalloc\test\integration\smallocx.sh,1,0,4
redis,Bourne Shell,.\clones\redis\deps\jemalloc\test\integration\xallocx.sh,1,0,4
redis,Bourne Shell,.\clones\redis\deps\jemalloc\test\unit\junk.sh,1,0,4
redis,Bourne Shell,.\clones\redis\deps\jemalloc\test\unit\junk_alloc.sh,1,0,4
redis,Bourne Shell,.\clones\redis\deps\jemalloc\test\unit\junk_free.sh,1,0,4
redis,Bourne Shell,.\clones\redis\deps\jemalloc\test\unit\prof_accum.sh,1,0,4
redis,Bourne Shell,.\clones\redis\deps\jemalloc\test\unit\prof_active.sh,1,0,4
redis,Bourne Shell,.\clones\redis\deps\jemalloc\test\unit\prof_gdump.sh,2,0,4
redis,Bourne Shell,.\clones\redis\deps\jemalloc\test\unit\prof_reset.sh,1,0,4
redis,Bourne Shell,.\clones\redis\deps\jemalloc\test\unit\prof_thread_name.sh,1,0,4
redis,Bourne Shell,.\clones\redis\deps\jemalloc\test\unit\safety_check.sh,1,0,4
redis,Bourne Shell,.\clones\redis\deps\jemalloc\test\unit\zero.sh,1,0,4
redis,Lua,.\clones\redis\deps\lua\test\luac.lua,1,2,4
redis,Lua,.\clones\redis\deps\lua\test\printf.lua,2,1,4
redis,C,.\clones\redis\deps\jemalloc\src\hash.c,0,0,3
redis,C,.\clones\redis\deps\jemalloc\src\prng.c,0,0,3
redis,C,.\clones\redis\deps\jemalloc\src\ticker.c,0,0,3
redis,C,.\clones\redis\deps\jemalloc\test\unit\arena_reset_prof.c,1,0,3
redis,Lua,.\clones\redis\deps\lua\test\echo.lua,1,1,3
redis,Lua,.\clones\redis\deps\lua\test\env.lua,2,2,3
redis,Tcl/Tk,.\clones\redis\tests\unit\type\list-common.tcl,0,2,3
redis,C/C++ Header,.\clones\redis\deps\jemalloc\msvc\test_threads\test_threads.h,1,0,2
redis,Bourne Shell,.\clones\redis\deps\jemalloc\test\integration\slab_sizes.sh,1,1,2
redis,C,.\clones\redis\deps\jemalloc\test\src\btalloc_0.c,1,0,2
redis,C,.\clones\redis\deps\jemalloc\test\src\btalloc_1.c,1,0,2
redis,C,.\clones\redis\deps\jemalloc\test\src\math.c,0,0,2
redis,Bourne Shell,.\clones\redis\deps\jemalloc\test\unit\arena_reset_prof.sh,1,0,2
redis,Bourne Shell,.\clones\redis\deps\jemalloc\test\unit\binshard.sh,1,0,2
redis,Bourne Shell,.\clones\redis\deps\jemalloc\test\unit\decay.sh,1,0,2
redis,Bourne Shell,.\clones\redis\deps\jemalloc\test\unit\pack.sh,1,1,2
redis,C/C++ Header,.\clones\redis\src\version.h,0,0,2
redis,Bourne Shell,.\clones\redis\deps\jemalloc\run_tests.sh,0,0,1
redis,C,.\clones\redis\deps\jemalloc\test\unit\junk_free.c,0,0,1
redis,Lua,.\clones\redis\deps\lua\test\hello.lua,1,1,1
redis,Tcl/Tk,.\clones\redis\tests\sentinel\tests\04-slave-selection.tcl,0,5,0
